regex,lovefield,[],1750690957626,"[1000.0, 20.0]",lovefield_regex_1000,24210,6,4073.3715003454663,0.24549688137092066,0.2271639999235049,0.06022351464573359,3.7674849999602884,0.20255799998994917,5943.479497989989,5993.877324014786,,
regex,lovefield,[],1750690957626,"[10000.0, 20.0]",lovefield_regex_10000,2019,5,403.6771875938987,2.4772269296673888,2.428967999992892,0.23156139759689431,7.651014999952167,2.1748829999705777,5001.521170998458,5007.603812998161,,
regex,lovefield,[],1750690957626,"[100000.0, 20.0]",lovefield_regex_100000,123,5,24.286599430715736,41.17496987805055,40.28177300002426,7.45378738371235,90.44723399996292,34.05220700008795,5064.521295000217,5066.269479000592,,
regex,sqljs,[],1750690957626,"[1000.0, 20.0]",sqljs_regex_1000,40163,6,6804.997422391146,0.1469508271538212,0.1396210000384599,0.04214914745269857,4.166590000037104,0.1342210000148043,5901.986070978921,5992.347844995675,,
regex,sqljs,[],1750690957626,"[10000.0, 20.0]",sqljs_regex_10000,4325,5,866.7443561260453,1.1537427304050147,1.1484640000853688,0.039695203094683766,1.9885330001125112,1.1340270000509918,4989.937309001689,5002.234357996611,,
regex,sqljs,[],1750690957626,"[100000.0, 20.0]",sqljs_regex_100000,440,5,87.14007914710089,11.475775668184824,11.462461999966763,0.06821971432890771,12.109671000041999,11.419825999997556,5049.341294001322,5050.769461999182,,
regex,arquero,[],1750690957626,"[1000.0, 20.0]",arquero_regex_1000,85300,6,14682.241193155343,0.06810949274325953,0.06283799989614636,0.03982075409995251,7.536053000018001,0.060714000021107495,5809.739731000038,5984.336778998375,,
regex,arquero,[],1750690957626,"[10000.0, 20.0]",arquero_regex_10000,13313,6,2231.4207203444043,0.44814498264838953,0.4378380000125617,0.11025864281040199,11.635257999994792,0.4251540000550449,5966.15415399801,5998.526387000806,,
regex,arquero,[],1750690957627,"[100000.0, 20.0]",arquero_regex_100000,1179,5,235.71022957056877,4.242497246818099,4.1113660000264645,1.1552142687190146,43.29133699997328,4.0749289999948815,5001.9042539985385,5006.206368999905,,
regex,duckdb,[sync],1750690957627,"[1000.0, 20.0]",duckdb_sync_regex_1000,14754,6,2493.4518214288078,0.4010504600112851,0.3568759999470785,0.22445119211245373,6.29771900002379,0.3336939999135211,5917.0984870065,5996.52166200045,,
regex,duckdb,[sync],1750690957627,"[10000.0, 20.0]",duckdb_sync_regex_10000,9598,6,1611.6521684759527,0.6204812797451468,0.6054410000797361,0.14281200132928978,3.1368990000337362,0.5619990000268444,5955.379322993918,5998.779597004526,,
regex,duckdb,[sync],1750690957627,"[100000.0, 20.0]",duckdb_sync_regex_100000,2026,5,405.55883854120805,2.4657334644634847,2.4423200000310317,0.18627622908153607,4.640494999941438,2.4012440000660717,4995.57599900302,5004.441887999885,,
integer_sort,lovefield,[],1750690574194,"[1000.0, 1.0, 1.0]",lovefield_integer_sort_1000_1_1,14548,6,2441.0387567328635,0.40966166442126495,0.36688499996671453,0.11846956703251071,6.618473000009544,0.32991600001696497,5959.757894000562,5996.721855996526,,
integer_sort,lovefield,[],1750690574194,"[10000.0, 1.0, 1.0]",lovefield_integer_sort_10000_1_1,751,5,149.95897178444184,6.668490641809998,6.481612999981735,0.7349842628549217,17.390142999996897,5.9751670000259764,5008.036471999309,5012.458798000123,,
integer_sort,lovefield,[],1750690574194,"[100000.0, 1.0, 1.0]",lovefield_integer_sort_100000_1_1,40,5,7.5164652789865585,133.0412584749982,131.36570199998096,5.729700847304335,150.36911099997815,126.5176859999774,5321.650338999927,5322.390246999799,,
integer_sort,lovefield,[],1750690574194,"[1000.0, 2.0, 2.0]",lovefield_integer_sort_1000_2_2,15296,6,2565.180140230797,0.3898361695214228,0.3479899999802001,0.11127947726406698,3.688741000019945,0.3198570000240579,5962.934048999683,5997.5153010049835,,
integer_sort,lovefield,[],1750690574194,"[10000.0, 2.0, 2.0]",lovefield_integer_sort_10000_2_2,785,5,156.62127909688414,6.384828458599239,6.185033999965526,0.9165651983036469,23.49396200000774,5.81289800000377,5012.090340000403,5016.385245999612,,
integer_sort,lovefield,[],1750690574194,"[100000.0, 2.0, 2.0]",lovefield_integer_sort_100000_2_2,40,5,7.243221175007959,138.0601221250021,135.8437569999951,8.307983358433033,169.44552499998827,128.1972989999922,5522.404885000084,5523.019828000048,,
integer_topk,lovefield,[],1750690574194,"[1000.0, 1.0, 1.0, 100.0]",lovefield_integer_sort_1000_1_1,15153,6,2542.5573519713475,0.39330479575009764,0.35191699996357784,0.1089714280033314,1.5515779999550432,0.3240549999754876,5959.747570001229,5998.184728005668,,
integer_topk,lovefield,[],1750690574194,"[10000.0, 1.0, 1.0, 100.0]",lovefield_integer_sort_10000_1_1,795,5,158.4994576349352,6.309169854090326,6.104951999965124,0.9683082831429555,29.675863999989815,5.799482000002172,5015.7900340018095,5020.183513000316,,
integer_topk,lovefield,[],1750690574194,"[100000.0, 1.0, 1.0, 100.0]",lovefield_integer_sort_100000_1_1,40,5,7.734915082318127,129.28390154999653,127.37462099996628,7.0266201676970335,158.43153900001198,119.14309100003447,5171.356061999861,5171.909162999946,,
integer_sort,sqljs,[],1750690574194,"[1000.0, 1.0, 1.0]",sqljs_integer_sort_1000_1_1,16675,6,2802.314521624504,0.35684788137924617,0.3376700000371784,0.11374748780646919,5.277243999997154,0.3169220000272617,5950.43842199893,5997.902631000616,,
integer_sort,sqljs,[],1750690574194,"[10000.0, 1.0, 1.0]",sqljs_integer_sort_10000_1_1,1154,5,230.4655989331187,4.339042376082345,4.191989000013564,0.3646132550915018,6.854906000022311,4.143012999964412,5007.254901999026,5011.709862000018,,
integer_sort,sqljs,[],1750690574194,"[100000.0, 1.0, 1.0]",sqljs_integer_sort_100000_1_1,76,5,14.737214366481638,67.85542878947346,63.254332999989856,9.847294754814108,104.31199000001652,61.56540799996583,5157.012587999983,5158.416022000019,,
integer_sort,sqljs,[],1750690574194,"[1000.0, 2.0, 2.0]",sqljs_integer_sort_1000_2_2,13855,6,2323.555746075265,0.4303748690725873,0.4190919999964535,0.08002097672521614,5.958335000032093,0.39777300000423566,5962.843811000697,5998.6885769969085,,
integer_sort,sqljs,[],1750690574194,"[10000.0, 2.0, 2.0]",sqljs_integer_sort_10000_2_2,984,5,196.3751328170233,5.092294455285085,4.958748999983072,0.32156747146775433,6.29877499997383,4.905989999999292,5010.817744000524,5014.227026999928,,
integer_sort,sqljs,[],1750690574194,"[100000.0, 2.0, 2.0]",sqljs_integer_sort_100000_2_2,66,5,12.943072526661654,77.26140743939146,73.2374439999694,8.927195163244104,102.10390799999004,70.62442800001008,5099.252890999836,5100.300818000047,,
integer_topk,sqljs,[],1750690574194,"[1000.0, 1.0, 1.0, 100.0]",sqljs_integer_topk_1000_1_1_100,23996,6,4045.9512298109485,0.24716066586070196,0.24167199997464195,0.05508359064284938,5.707987000001594,0.2314020000048913,5930.867337993404,5995.457775010145,,
integer_topk,sqljs,[],1750690574194,"[10000.0, 1.0, 1.0, 100.0]",sqljs_integer_topk_10000_1_1_100,4148,5,831.2321569245158,1.2030333423335184,1.1992500000051223,0.04184563109652199,3.1093629999668337,1.1770780000369996,4990.182303999434,5001.547489001183,,
integer_topk,sqljs,[],1750690574194,"[100000.0, 1.0, 1.0, 100.0]",sqljs_integer_topk_100000_1_1_100,493,5,98.06776294956701,10.19703080730277,10.188243999960832,0.14246167962676,12.9446009999956,10.03558999998495,5027.136188000266,5028.6211669999175,,
integer_sort,arquero,[],1750690574194,"[1000.0, 1.0, 1.0]",arquero_integer_sort_1000_1_1,9302,6,1557.0533107228475,0.6422387680070886,0.6307580000138842,0.12276110199209743,10.48579000000609,0.6139159999438561,5974.105020001938,5999.540297999745,,
integer_sort,arquero,[],1750690574194,"[10000.0, 1.0, 1.0]",arquero_integer_sort_10000_1_1,274,5,54.07314443421662,18.49346862408867,18.418459000007715,0.6318621169523656,26.436760999960825,18.31965499999933,5067.210403000296,5068.42492400005,,
integer_sort,arquero,[],1750690574194,"[100000.0, 1.0, 1.0]",arquero_integer_sort_100000_1_1,16,4,3.083847856097913,324.2702126249933,323.2337360000238,2.4778618843325937,331.0612459999975,322.42509499995504,5188.323401999893,5188.6354440001305,,
integer_sort,arquero,[],1750690574194,"[1000.0, 2.0, 2.0]",arquero_integer_sort_1000_2_2,7276,5,1460.5295705496023,0.6846831588789377,0.6784170001046732,0.135945112699736,11.376255000010133,0.6655219999374822,4981.7546640031505,5000.101657995256,,
integer_sort,arquero,[],1750690574194,"[10000.0, 2.0, 2.0]",arquero_integer_sort_10000_2_2,270,5,53.44979722658742,18.709144877776485,18.697017000056803,0.1015140954902173,19.36626600008458,18.590076000080444,5051.469116999651,5052.638772998471,,
integer_sort,arquero,[],1750690574194,"[100000.0, 2.0, 2.0]",arquero_integer_sort_100000_2_2,16,4,3.0632035484423077,326.4556155625105,326.30122999998275,1.0493409634924977,329.65418499999214,325.45735200005583,5223.289849000168,5223.586533999885,,
integer_topk,arquero,[],1750690574194,"[1000.0, 1.0, 1.0, 100.0]",arquero_integer_topk_1000_1_1_100,6611,5,1327.2523010898192,0.7534362526091617,0.7483870000578463,0.06237718040022855,4.058594000060111,0.7286109999986365,4980.967065999168,5000.462880002218,,
integer_topk,arquero,[],1750690574194,"[10000.0, 1.0, 1.0, 100.0]",arquero_integer_topk_10000_1_1_100,285,5,56.67530138348058,17.644370221054967,17.61710499995388,0.1178343574039554,18.533066000090912,17.523348999908194,5028.645513000665,5029.827223999659,,
integer_topk,arquero,[],1750690574194,"[100000.0, 1.0, 1.0, 100.0]",arquero_integer_topk_100000_1_1_100,20,5,3.2213093401107553,310.43277575000536,310.3153020000318,1.0882255201145525,314.1752450000495,309.073722000001,6208.655515000108,6209.010038000066,,
integer_sort,duckdb,[sync],1750690574194,"[1000.0, 1.0, 1.0]",duckdb_sync_integer_sort_1000_1_1,12918,6,2179.0782530025513,0.45890963237419324,0.4080619999440387,0.24074486237346907,6.362253000028431,0.37949800002388656,5928.194631009828,5997.582134999917,,
integer_sort,duckdb,[sync],1750690574194,"[10000.0, 1.0, 1.0]",duckdb_sync_integer_sort_10000_1_1,355,5,70.44626580660446,14.195216574648422,14.497484000050463,2.216111074841045,17.587445000070147,1.3427480000536889,5039.30188400019,5041.454573999741,,
integer_sort,duckdb,[sync],1750690574194,"[100000.0, 1.0, 1.0]",duckdb_sync_integer_sort_100000_1_1,224,5,44.65854030440934,22.39213358035496,22.2254959999118,0.902646877282088,34.70945000008214,21.84352300001774,5015.837921999511,5017.800457999227,,
integer_sort,duckdb,[sync],1750690574194,"[1000.0, 2.0, 2.0]",duckdb_sync_integer_sort_1000_2_2,10536,6,1771.8783052989181,0.5643728449123365,0.5524019999429584,0.17837362747988297,14.269909999915399,0.5262319999746978,5946.232293996378,5998.885381997912,,
integer_sort,duckdb,[sync],1750690574194,"[10000.0, 2.0, 2.0]",duckdb_sync_integer_sort_10000_2_2,331,5,65.36963753794548,15.297621918425422,15.286269000032917,0.7354152883001998,16.928285000030883,2.6449579999316484,5063.512854998815,5065.5622360004345,,
integer_sort,duckdb,[sync],1750690574194,"[100000.0, 2.0, 2.0]",duckdb_sync_integer_sort_100000_2_2,163,5,31.94643559096846,31.302396699389803,31.01459000003524,2.672009481018419,64.29813699994702,30.109478999977,5102.290662000538,5104.61824900005,,
integer_topk,duckdb,[sync],1750690574194,"[1000.0, 1.0, 1.0, 100.0]",duckdb_sync_integer_topk_1000_1_1_100,14363,6,2425.0639863695624,0.4123602534286314,0.40376300003845245,0.13530699142616778,3.919636999955401,0.38407699996605515,5922.730319995433,5998.46367600176,,
integer_topk,duckdb,[sync],1750690574194,"[10000.0, 1.0, 1.0, 100.0]",duckdb_sync_integer_topk_10000_1_1_100,11835,6,1992.4746721599456,0.5018884375157192,0.49474300001747906,0.1962335890856992,16.314856999902986,0.4695470000151545,5939.849657998537,5997.864883005619,,
integer_topk,duckdb,[sync],1750690574194,"[100000.0, 1.0, 1.0, 100.0]",duckdb_sync_integer_topk_100000_1_1_100,4925,5,989.702113736416,1.0104050361423464,0.9954790000338107,0.13516493742759442,4.446544000064023,0.9507250000024214,4976.244803001056,5000.75923499628,,
tpch,lovefield,[],1750691368487,"[0.01, 1.0]",lovefield_tpch_001_q1,1,1,0.0,0.0,0.0,0.0,0.0,0.0,0.0,0.0,Lovefield does not support arithmetic operations and nested subqueries. Aggregates and order by clauses were often simplified. Some queries with nesting were dropped.,Benchmark `lovefield_tpch_001_q1` failed to run `fn`: a.getTime is not a function
tpch,lovefield,[],1750691368487,"[0.01, 3.0]",lovefield_tpch_001_q3,1,1,0.0,0.0,0.0,0.0,0.0,0.0,0.0,0.0,Lovefield does not support arithmetic operations and nested subqueries. Aggregates and order by clauses were often simplified. Some queries with nesting were dropped.,Benchmark `lovefield_tpch_001_q3` failed to run `fn`: a.getTime is not a function
tpch,lovefield,[],1750691368487,"[0.01, 4.0]",lovefield_tpch_001_q4,1,1,0.0,0.0,0.0,0.0,0.0,0.0,0.0,0.0,Lovefield does not support arithmetic operations and nested subqueries. Aggregates and order by clauses were often simplified. Some queries with nesting were dropped.,Benchmark `lovefield_tpch_001_q4` failed to run `fn`: a.getTime is not a function
tpch,lovefield,[],1750691368487,"[0.01, 5.0]",lovefield_tpch_001_q5,1,1,0.0,0.0,0.0,0.0,0.0,0.0,0.0,0.0,Lovefield does not support arithmetic operations and nested subqueries. Aggregates and order by clauses were often simplified. Some queries with nesting were dropped.,Benchmark `lovefield_tpch_001_q5` failed to run `fn`: a.getTime is not a function
tpch,lovefield,[],1750691368487,"[0.01, 6.0]",lovefield_tpch_001_q6,434,5,86.22309599163523,11.597820612901826,11.76913099992089,3.5956952344916138,65.81003899988718,8.998863000189885,5033.4541459993925,5037.649647999555,Lovefield does not support arithmetic operations and nested subqueries. Aggregates and order by clauses were often simplified. Some queries with nesting were dropped.,
tpch,lovefield,[],1750691368487,"[0.01, 7.0]",lovefield_tpch_001_q7,1,1,0.0,0.0,0.0,0.0,0.0,0.0,0.0,0.0,Lovefield does not support arithmetic operations and nested subqueries. Aggregates and order by clauses were often simplified. Some queries with nesting were dropped.,Benchmark `lovefield_tpch_001_q7` failed to run `fn`: a.getTime is not a function
tpch,lovefield,[],1750691368487,"[0.01, 8.0]",lovefield_tpch_001_q8,1,1,0.0,0.0,0.0,0.0,0.0,0.0,0.0,0.0,Lovefield does not support arithmetic operations and nested subqueries. Aggregates and order by clauses were often simplified. Some queries with nesting were dropped.,Benchmark `lovefield_tpch_001_q8` failed to run `fn`: a.getTime is not a function
tpch,lovefield,[],1750691368487,"[0.01, 9.0]",lovefield_tpch_001_q9,20,5,3.320627923527853,301.1478621000075,290.0717810001224,27.16541061597181,350.70028300001286,270.64244699990377,6022.95724200015,6023.247625999851,Lovefield does not support arithmetic operations and nested subqueries. Aggregates and order by clauses were often simplified. Some queries with nesting were dropped.,
tpch,lovefield,[],1750691368487,"[0.01, 10.0]",lovefield_tpch_001_q10,1,1,0.0,0.0,0.0,0.0,0.0,0.0,0.0,0.0,Lovefield does not support arithmetic operations and nested subqueries. Aggregates and order by clauses were often simplified. Some queries with nesting were dropped.,Benchmark `lovefield_tpch_001_q10` failed to run `fn`: a.getTime is not a function
tpch,lovefield,[],1750691368487,"[0.01, 12.0]",lovefield_tpch_001_q12,1,1,0.0,0.0,0.0,0.0,0.0,0.0,0.0,0.0,Lovefield does not support arithmetic operations and nested subqueries. Aggregates and order by clauses were often simplified. Some queries with nesting were dropped.,Benchmark `lovefield_tpch_001_q12` failed to run `fn`: a.getTime is not a function
tpch,lovefield,[],1750691368487,"[0.01, 13.0]",lovefield_tpch_001_q13,79,5,15.477498663254613,64.60992320252087,63.14807899994776,6.980413318124945,120.37329700007103,61.30886200000532,5104.183932999149,5105.271604000591,"",
tpch,lovefield,[],1750691368487,"[0.01, 14.0]",lovefield_tpch_001_q14,1,1,0.0,0.0,0.0,0.0,0.0,0.0,0.0,0.0,"",Benchmark `lovefield_tpch_001_q14` failed to run `fn`: a.getTime is not a function
tpch,lovefield,[],1750691368487,"[0.01, 16.0]",lovefield_tpch_001_q16,575,5,114.5595089961315,8.729087692177247,8.669136999873444,0.9582058892116179,21.992301000049338,7.861064000055194,5019.225423001917,5022.77709800005,"",
tpch,lovefield,[],1750691368487,"[0.01, 19.0]",lovefield_tpch_001_q19,70,5,13.314219027120773,75.1076723285851,71.68880000011995,14.06763831521486,134.20057000010274,67.12318000011146,5257.537063000957,5258.416257000063,Lovefield does not support arithmetic operations and nested subqueries. Aggregates and order by clauses were often simplified. Some queries with nesting were dropped.,
tpch,sqljs,[],1750691914439,"[0.25, 1.0]",sqljs_tpch_025_q1,2,2,0.3348495305006093,2986.416013500071,3350.12492400012,363.70891050004866,3350.12492400012,2622.7071030000225,5972.832027000142,5972.997286000056,,
tpch,sqljs,[],1750691914439,"[0.25, 2.0]",sqljs_tpch_025_q2,69,5,13.347635881007802,74.91963437681788,74.54460499994457,1.6500827552460833,81.34045799984597,73.14649499999359,5169.454772000434,5170.771665001288,,
tpch,sqljs,[],1750691914439,"[0.25, 3.0]",sqljs_tpch_025_q3,10,5,1.8450171161213744,542.0003919000039,541.3665739998687,1.7729342640128123,544.8815450000111,539.8375500000548,5420.003919000039,5420.2306339999195,,
tpch,sqljs,[],1750691914439,"[0.25, 4.0]",sqljs_tpch_025_q4,45,5,8.512108196890045,117.47970971108622,117.40044200001284,0.5688030559229191,119.03470099996775,116.55206799996085,5286.5869369988795,5287.2515519997105,,
tpch,sqljs,[],1750691914439,"[0.25, 5.0]",sqljs_tpch_025_q5,10,5,1.7541819206255098,570.0663017000072,569.3493330001365,3.5356803046747216,576.9853430001531,566.1277230000123,5700.663017000072,5700.9036959998775,,
tpch,sqljs,[],1750691914439,"[0.25, 6.0]",sqljs_tpch_025_q6,15,5,2.789634441191877,358.46990746671025,357.9480409999378,2.3283869692888364,363.31540900003165,355.4683220000006,5377.0486120006535,5377.384501000168,,
tpch,sqljs,[],1750691914439,"[0.25, 7.0]",sqljs_tpch_025_q7,8,4,1.2773145840370883,782.8924937499687,782.0964460000396,1.9675459219360665,785.850468999939,780.0777509999461,6263.13994999975,6263.409685000312,,
tpch,sqljs,[],1750691914439,"[0.25, 8.0]",sqljs_tpch_025_q8,5,5,0.8277390469820648,1208.1102174000348,1206.2283319998533,7.591895429611674,1219.5009250000585,1200.0721120000817,6040.551087000174,6040.689773999853,,
tpch,sqljs,[],1750691914439,"[0.25, 9.0]",sqljs_tpch_025_q9,3,3,0.4426049227810579,2259.351282666748,2253.074246000033,10.343360849877937,2273.9321250000503,2251.04747700016,6778.053848000243,6778.1301519998815,,
tpch,sqljs,[],1750691914439,"[0.25, 10.0]",sqljs_tpch_025_q10,15,5,2.5941028478213366,385.4897275332982,384.99193100002594,3.0822434043278237,392.9880439999979,381.0865200001281,5782.3459129994735,5782.728371000383,,
tpch,sqljs,[],1750691914439,"[0.25, 11.0]",sqljs_tpch_025_q11,30,5,5.234390556635639,191.04420833334638,190.51785399997607,1.273017422832671,194.72784600011073,189.95352300000377,5731.326250000391,5731.854656000622,,
tpch,sqljs,[],1750691914439,"[0.25, 12.0]",sqljs_tpch_025_q12,16,4,3.076276754726379,325.0682821250084,325.9000039999373,1.3252951602803384,326.8397939999122,322.88619600003585,5201.0925140001345,5201.4432950008195,,
tpch,sqljs,[],1750691914439,"[0.25, 13.0]",sqljs_tpch_025_q13,4,4,0.6047959331377899,1653.4502717500436,1655.2070810000878,4.5860814315616985,1659.6105059999973,1647.0675060001668,6613.801087000174,6613.916553999996,,
tpch,sqljs,[],1750691914439,"[0.25, 14.0]",sqljs_tpch_025_q14,15,5,2.9723221881711384,336.43728260000546,334.12934700003825,3.4970208107707084,343.4666040001903,333.22630099998787,5046.559239000082,5046.877604999347,,
tpch,sqljs,[],1750691914439,"[0.25, 15.0]",sqljs_tpch_025_q15,8,4,1.4904359436249417,670.9446348749916,670.8875239999034,1.9072478636023946,673.7191779999994,668.1248749999795,5367.557078999933,5367.7356619993225,,
tpch,sqljs,[],1750691914439,"[0.25, 16.0]",sqljs_tpch_025_q16,45,5,8.066612200626812,123.96777917776878,123.52740400005132,0.880728557266059,126.43167700013146,123.15471899998374,5578.550062999595,5579.242693000706,,
tpch,sqljs,[],1750691914439,"[0.25, 18.0]",sqljs_tpch_025_q18,15,5,2.4467051910150937,408.7129106000376,404.88255700003356,8.52700071903879,430.23987799999304,404.1916600000113,6130.693659000564,6131.003351998981,,
tpch,sqljs,[],1750691914439,"[0.25, 19.0]",sqljs_tpch_025_q19,15,5,2.4722429515949664,404.4909903999729,409.9036640000995,8.230792162283532,416.6525079999119,393.85760600003414,6067.364855999593,6067.680253999773,,
tpch,sqljs,[],1750691914439,"[0.25, 21.0]",sqljs_tpch_025_q21,3,3,0.4291887571866441,2329.9771563333925,2330.492162000155,2.694896839117425,2332.989941000007,2326.4493660000153,6989.9314690001775,6990.001880000113,,
tpch,lovefield,[],1750691728906,"[0.1, 1.0]",lovefield_tpch_01_q1,1,1,0.0,0.0,0.0,0.0,0.0,0.0,0.0,0.0,Lovefield does not support arithmetic operations and nested subqueries. Aggregates and order by clauses were often simplified. Some queries with nesting were dropped.,Benchmark `lovefield_tpch_01_q1` failed to run `fn`: a.getTime is not a function
tpch,lovefield,[],1750691728906,"[0.1, 3.0]",lovefield_tpch_01_q3,1,1,0.0,0.0,0.0,0.0,0.0,0.0,0.0,0.0,Lovefield does not support arithmetic operations and nested subqueries. Aggregates and order by clauses were often simplified. Some queries with nesting were dropped.,Benchmark `lovefield_tpch_01_q3` failed to run `fn`: a.getTime is not a function
tpch,lovefield,[],1750691728906,"[0.1, 4.0]",lovefield_tpch_01_q4,1,1,0.0,0.0,0.0,0.0,0.0,0.0,0.0,0.0,Lovefield does not support arithmetic operations and nested subqueries. Aggregates and order by clauses were often simplified. Some queries with nesting were dropped.,Benchmark `lovefield_tpch_01_q4` failed to run `fn`: a.getTime is not a function
tpch,lovefield,[],1750691728906,"[0.1, 5.0]",lovefield_tpch_01_q5,1,1,0.0,0.0,0.0,0.0,0.0,0.0,0.0,0.0,Lovefield does not support arithmetic operations and nested subqueries. Aggregates and order by clauses were often simplified. Some queries with nesting were dropped.,Benchmark `lovefield_tpch_01_q5` failed to run `fn`: a.getTime is not a function
tpch,lovefield,[],1750691728906,"[0.1, 6.0]",lovefield_tpch_01_q6,32,5,5.969664493585721,167.51360165625374,154.27736299997196,46.943540955139866,353.4908520001918,150.65904500009492,5360.43525300012,5361.328124000458,Lovefield does not support arithmetic operations and nested subqueries. Aggregates and order by clauses were often simplified. Some queries with nesting were dropped.,
tpch,lovefield,[],1750691728906,"[0.1, 7.0]",lovefield_tpch_01_q7,1,1,0.0,0.0,0.0,0.0,0.0,0.0,0.0,0.0,Lovefield does not support arithmetic operations and nested subqueries. Aggregates and order by clauses were often simplified. Some queries with nesting were dropped.,Benchmark `lovefield_tpch_01_q7` failed to run `fn`: a.getTime is not a function
tpch,lovefield,[],1750691728906,"[0.1, 8.0]",lovefield_tpch_01_q8,1,1,0.0,0.0,0.0,0.0,0.0,0.0,0.0,0.0,Lovefield does not support arithmetic operations and nested subqueries. Aggregates and order by clauses were often simplified. Some queries with nesting were dropped.,Benchmark `lovefield_tpch_01_q8` failed to run `fn`: a.getTime is not a function
tpch,lovefield,[],1750691728906,"[0.1, 9.0]",lovefield_tpch_01_q9,2,2,0.24988247155897714,4001.8813394999597,4314.548789999913,312.6674504999537,4314.548789999913,3689.213889000006,8003.762678999919,8003.797322999919,Lovefield does not support arithmetic operations and nested subqueries. Aggregates and order by clauses were often simplified. Some queries with nesting were dropped.,
tpch,lovefield,[],1750691728906,"[0.1, 10.0]",lovefield_tpch_01_q10,1,1,0.0,0.0,0.0,0.0,0.0,0.0,0.0,0.0,Lovefield does not support arithmetic operations and nested subqueries. Aggregates and order by clauses were often simplified. Some queries with nesting were dropped.,Benchmark `lovefield_tpch_01_q10` failed to run `fn`: a.getTime is not a function
tpch,lovefield,[],1750691728906,"[0.1, 12.0]",lovefield_tpch_01_q12,1,1,0.0,0.0,0.0,0.0,0.0,0.0,0.0,0.0,Lovefield does not support arithmetic operations and nested subqueries. Aggregates and order by clauses were often simplified. Some queries with nesting were dropped.,Benchmark `lovefield_tpch_01_q12` failed to run `fn`: a.getTime is not a function
tpch,lovefield,[],1750691728906,"[0.1, 13.0]",lovefield_tpch_01_q13,8,4,1.2698232943839334,787.5111477500177,788.097884999821,12.89718486687514,817.8469350000378,774.7284679999575,6300.089182000142,6300.217415000079,"",
tpch,lovefield,[],1750691728906,"[0.1, 14.0]",lovefield_tpch_01_q14,1,1,0.0,0.0,0.0,0.0,0.0,0.0,0.0,0.0,"",Benchmark `lovefield_tpch_01_q14` failed to run `fn`: a.getTime is not a function
tpch,lovefield,[],1750691728906,"[0.1, 16.0]",lovefield_tpch_01_q16,32,5,6.000722742424322,166.64659290623968,153.44117400003597,68.78531906440026,532.17201999994,133.50239900010638,5332.69097299967,5333.20746100042,"",
tpch,lovefield,[],1750691728906,"[0.1, 19.0]",lovefield_tpch_01_q19,6,4,1.0178679759260845,982.4456841666251,941.3189139999449,95.26738215850428,1158.936065999791,895.8902100000996,5894.674104999751,5894.772747999756,Lovefield does not support arithmetic operations and nested subqueries. Aggregates and order by clauses were often simplified. Some queries with nesting were dropped.,
tpch,arquero,[],1750692025774,"[0.25, 1.0]",arquero_tpch_025_q1,0,0,0.0,0.0,0.0,0.0,0.0,0.0,0.0,0.0,Arquero does not implement join reordering and query unnesting. The plans were generated by a relational database and were manually migrated to the Arquero API.,"Benchmark `arquero_tpch_025_q1` failed to run `before` callback: Unrecognized type: ""undefined"""
tpch,arquero,[],1750692025774,"[0.25, 2.0]",arquero_tpch_025_q2,0,0,0.0,0.0,0.0,0.0,0.0,0.0,0.0,0.0,Arquero does not implement join reordering and query unnesting. The plans were generated by a relational database and were manually migrated to the Arquero API.,"Benchmark `arquero_tpch_025_q2` failed to run `before` callback: Unrecognized type: ""undefined"""
tpch,arquero,[],1750692025774,"[0.25, 3.0]",arquero_tpch_025_q3,0,0,0.0,0.0,0.0,0.0,0.0,0.0,0.0,0.0,Arquero does not implement join reordering and query unnesting. The plans were generated by a relational database and were manually migrated to the Arquero API.,"Benchmark `arquero_tpch_025_q3` failed to run `before` callback: Unrecognized type: ""undefined"""
tpch,arquero,[],1750692025774,"[0.25, 4.0]",arquero_tpch_025_q4,0,0,0.0,0.0,0.0,0.0,0.0,0.0,0.0,0.0,Arquero does not implement join reordering and query unnesting. The plans were generated by a relational database and were manually migrated to the Arquero API.,"Benchmark `arquero_tpch_025_q4` failed to run `before` callback: Unrecognized type: ""undefined"""
tpch,arquero,[],1750692025774,"[0.25, 5.0]",arquero_tpch_025_q5,0,0,0.0,0.0,0.0,0.0,0.0,0.0,0.0,0.0,Arquero does not implement join reordering and query unnesting. The plans were generated by a relational database and were manually migrated to the Arquero API.,"Benchmark `arquero_tpch_025_q5` failed to run `before` callback: Unrecognized type: ""undefined"""
tpch,arquero,[],1750692025774,"[0.25, 6.0]",arquero_tpch_025_q6,0,0,0.0,0.0,0.0,0.0,0.0,0.0,0.0,0.0,Arquero does not implement join reordering and query unnesting. The plans were generated by a relational database and were manually migrated to the Arquero API.,"Benchmark `arquero_tpch_025_q6` failed to run `before` callback: Unrecognized type: ""undefined"""
tpch,arquero,[],1750692025774,"[0.25, 7.0]",arquero_tpch_025_q7,0,0,0.0,0.0,0.0,0.0,0.0,0.0,0.0,0.0,Arquero does not implement join reordering and query unnesting. The plans were generated by a relational database and were manually migrated to the Arquero API.,"Benchmark `arquero_tpch_025_q7` failed to run `before` callback: Unrecognized type: ""undefined"""
tpch,arquero,[],1750692025774,"[0.25, 8.0]",arquero_tpch_025_q8,0,0,0.0,0.0,0.0,0.0,0.0,0.0,0.0,0.0,Arquero does not implement join reordering and query unnesting. The plans were generated by a relational database and were manually migrated to the Arquero API.,"Benchmark `arquero_tpch_025_q8` failed to run `before` callback: Unrecognized type: ""undefined"""
tpch,arquero,[],1750692025774,"[0.25, 10.0]",arquero_tpch_025_q10,0,0,0.0,0.0,0.0,0.0,0.0,0.0,0.0,0.0,Arquero does not implement join reordering and query unnesting. The plans were generated by a relational database and were manually migrated to the Arquero API.,"Benchmark `arquero_tpch_025_q10` failed to run `before` callback: Unrecognized type: ""undefined"""
tpch,arquero,[],1750692025774,"[0.25, 11.0]",arquero_tpch_025_q11,0,0,0.0,0.0,0.0,0.0,0.0,0.0,0.0,0.0,Arquero does not implement join reordering and query unnesting. The plans were generated by a relational database and were manually migrated to the Arquero API.,"Benchmark `arquero_tpch_025_q11` failed to run `before` callback: Unrecognized type: ""undefined"""
tpch,arquero,[],1750692025774,"[0.25, 12.0]",arquero_tpch_025_q12,0,0,0.0,0.0,0.0,0.0,0.0,0.0,0.0,0.0,Arquero does not implement join reordering and query unnesting. The plans were generated by a relational database and were manually migrated to the Arquero API.,"Benchmark `arquero_tpch_025_q12` failed to run `before` callback: Unrecognized type: ""undefined"""
tpch,arquero,[],1750692025774,"[0.25, 13.0]",arquero_tpch_025_q13,0,0,0.0,0.0,0.0,0.0,0.0,0.0,0.0,0.0,Arquero does not implement join reordering and query unnesting. The plans were generated by a relational database and were manually migrated to the Arquero API.,"Benchmark `arquero_tpch_025_q13` failed to run `before` callback: Unrecognized type: ""undefined"""
tpch,arquero,[],1750692025774,"[0.25, 14.0]",arquero_tpch_025_q14,0,0,0.0,0.0,0.0,0.0,0.0,0.0,0.0,0.0,Arquero does not implement join reordering and query unnesting. The plans were generated by a relational database and were manually migrated to the Arquero API.,"Benchmark `arquero_tpch_025_q14` failed to run `before` callback: Unrecognized type: ""undefined"""
tpch,arquero,[],1750692025774,"[0.25, 15.0]",arquero_tpch_025_q15,0,0,0.0,0.0,0.0,0.0,0.0,0.0,0.0,0.0,Arquero does not implement join reordering and query unnesting. The plans were generated by a relational database and were manually migrated to the Arquero API.,"Benchmark `arquero_tpch_025_q15` failed to run `before` callback: Unrecognized type: ""undefined"""
tpch,arquero,[],1750692025774,"[0.25, 16.0]",arquero_tpch_025_q16,0,0,0.0,0.0,0.0,0.0,0.0,0.0,0.0,0.0,Arquero does not implement join reordering and query unnesting. The plans were generated by a relational database and were manually migrated to the Arquero API.,"Benchmark `arquero_tpch_025_q16` failed to run `before` callback: Unrecognized type: ""undefined"""
tpch,arquero,[],1750692025774,"[0.25, 17.0]",arquero_tpch_025_q17,0,0,0.0,0.0,0.0,0.0,0.0,0.0,0.0,0.0,Arquero does not implement join reordering and query unnesting. The plans were generated by a relational database and were manually migrated to the Arquero API.,"Benchmark `arquero_tpch_025_q17` failed to run `before` callback: Unrecognized type: ""undefined"""
tpch,arquero,[],1750692025774,"[0.25, 18.0]",arquero_tpch_025_q18,0,0,0.0,0.0,0.0,0.0,0.0,0.0,0.0,0.0,Arquero does not implement join reordering and query unnesting. The plans were generated by a relational database and were manually migrated to the Arquero API.,"Benchmark `arquero_tpch_025_q18` failed to run `before` callback: Unrecognized type: ""undefined"""
tpch,arquero,[],1750692025774,"[0.25, 19.0]",arquero_tpch_025_q19,0,0,0.0,0.0,0.0,0.0,0.0,0.0,0.0,0.0,Arquero does not implement join reordering and query unnesting. The plans were generated by a relational database and were manually migrated to the Arquero API.,"Benchmark `arquero_tpch_025_q19` failed to run `before` callback: Unrecognized type: ""undefined"""
tpch,arquero,[],1750692025774,"[0.25, 20.0]",arquero_tpch_025_q20,0,0,0.0,0.0,0.0,0.0,0.0,0.0,0.0,0.0,Arquero does not implement join reordering and query unnesting. The plans were generated by a relational database and were manually migrated to the Arquero API.,"Benchmark `arquero_tpch_025_q20` failed to run `before` callback: Unrecognized type: ""undefined"""
tpch,arquero,[],1750692025774,"[0.25, 22.0]",arquero_tpch_025_q22,0,0,0.0,0.0,0.0,0.0,0.0,0.0,0.0,0.0,Arquero does not implement join reordering and query unnesting. The plans were generated by a relational database and were manually migrated to the Arquero API.,"Benchmark `arquero_tpch_025_q22` failed to run `before` callback: Unrecognized type: ""undefined"""
tpch,arquero,[],1750691713173,"[0.1, 1.0]",arquero_tpch_01_q1,0,0,0.0,0.0,0.0,0.0,0.0,0.0,0.0,0.0,Arquero does not implement join reordering and query unnesting. The plans were generated by a relational database and were manually migrated to the Arquero API.,"Benchmark `arquero_tpch_01_q1` failed to run `before` callback: Unrecognized type: ""undefined"""
tpch,arquero,[],1750691713173,"[0.1, 2.0]",arquero_tpch_01_q2,0,0,0.0,0.0,0.0,0.0,0.0,0.0,0.0,0.0,Arquero does not implement join reordering and query unnesting. The plans were generated by a relational database and were manually migrated to the Arquero API.,"Benchmark `arquero_tpch_01_q2` failed to run `before` callback: Unrecognized type: ""undefined"""
tpch,arquero,[],1750691713173,"[0.1, 3.0]",arquero_tpch_01_q3,0,0,0.0,0.0,0.0,0.0,0.0,0.0,0.0,0.0,Arquero does not implement join reordering and query unnesting. The plans were generated by a relational database and were manually migrated to the Arquero API.,"Benchmark `arquero_tpch_01_q3` failed to run `before` callback: Unrecognized type: ""undefined"""
tpch,arquero,[],1750691713173,"[0.1, 4.0]",arquero_tpch_01_q4,0,0,0.0,0.0,0.0,0.0,0.0,0.0,0.0,0.0,Arquero does not implement join reordering and query unnesting. The plans were generated by a relational database and were manually migrated to the Arquero API.,"Benchmark `arquero_tpch_01_q4` failed to run `before` callback: Unrecognized type: ""undefined"""
tpch,arquero,[],1750691713173,"[0.1, 5.0]",arquero_tpch_01_q5,0,0,0.0,0.0,0.0,0.0,0.0,0.0,0.0,0.0,Arquero does not implement join reordering and query unnesting. The plans were generated by a relational database and were manually migrated to the Arquero API.,"Benchmark `arquero_tpch_01_q5` failed to run `before` callback: Unrecognized type: ""undefined"""
tpch,arquero,[],1750691713173,"[0.1, 6.0]",arquero_tpch_01_q6,0,0,0.0,0.0,0.0,0.0,0.0,0.0,0.0,0.0,Arquero does not implement join reordering and query unnesting. The plans were generated by a relational database and were manually migrated to the Arquero API.,"Benchmark `arquero_tpch_01_q6` failed to run `before` callback: Unrecognized type: ""undefined"""
tpch,arquero,[],1750691713173,"[0.1, 7.0]",arquero_tpch_01_q7,0,0,0.0,0.0,0.0,0.0,0.0,0.0,0.0,0.0,Arquero does not implement join reordering and query unnesting. The plans were generated by a relational database and were manually migrated to the Arquero API.,"Benchmark `arquero_tpch_01_q7` failed to run `before` callback: Unrecognized type: ""undefined"""
tpch,arquero,[],1750691713173,"[0.1, 8.0]",arquero_tpch_01_q8,0,0,0.0,0.0,0.0,0.0,0.0,0.0,0.0,0.0,Arquero does not implement join reordering and query unnesting. The plans were generated by a relational database and were manually migrated to the Arquero API.,"Benchmark `arquero_tpch_01_q8` failed to run `before` callback: Unrecognized type: ""undefined"""
tpch,arquero,[],1750691713173,"[0.1, 10.0]",arquero_tpch_01_q10,0,0,0.0,0.0,0.0,0.0,0.0,0.0,0.0,0.0,Arquero does not implement join reordering and query unnesting. The plans were generated by a relational database and were manually migrated to the Arquero API.,"Benchmark `arquero_tpch_01_q10` failed to run `before` callback: Unrecognized type: ""undefined"""
tpch,arquero,[],1750691713173,"[0.1, 11.0]",arquero_tpch_01_q11,0,0,0.0,0.0,0.0,0.0,0.0,0.0,0.0,0.0,Arquero does not implement join reordering and query unnesting. The plans were generated by a relational database and were manually migrated to the Arquero API.,"Benchmark `arquero_tpch_01_q11` failed to run `before` callback: Unrecognized type: ""undefined"""
tpch,arquero,[],1750691713173,"[0.1, 12.0]",arquero_tpch_01_q12,0,0,0.0,0.0,0.0,0.0,0.0,0.0,0.0,0.0,Arquero does not implement join reordering and query unnesting. The plans were generated by a relational database and were manually migrated to the Arquero API.,"Benchmark `arquero_tpch_01_q12` failed to run `before` callback: Unrecognized type: ""undefined"""
tpch,arquero,[],1750691713173,"[0.1, 13.0]",arquero_tpch_01_q13,0,0,0.0,0.0,0.0,0.0,0.0,0.0,0.0,0.0,Arquero does not implement join reordering and query unnesting. The plans were generated by a relational database and were manually migrated to the Arquero API.,"Benchmark `arquero_tpch_01_q13` failed to run `before` callback: Unrecognized type: ""undefined"""
tpch,arquero,[],1750691713173,"[0.1, 14.0]",arquero_tpch_01_q14,0,0,0.0,0.0,0.0,0.0,0.0,0.0,0.0,0.0,Arquero does not implement join reordering and query unnesting. The plans were generated by a relational database and were manually migrated to the Arquero API.,"Benchmark `arquero_tpch_01_q14` failed to run `before` callback: Unrecognized type: ""undefined"""
tpch,arquero,[],1750691713173,"[0.1, 15.0]",arquero_tpch_01_q15,0,0,0.0,0.0,0.0,0.0,0.0,0.0,0.0,0.0,Arquero does not implement join reordering and query unnesting. The plans were generated by a relational database and were manually migrated to the Arquero API.,"Benchmark `arquero_tpch_01_q15` failed to run `before` callback: Unrecognized type: ""undefined"""
tpch,arquero,[],1750691713173,"[0.1, 16.0]",arquero_tpch_01_q16,0,0,0.0,0.0,0.0,0.0,0.0,0.0,0.0,0.0,Arquero does not implement join reordering and query unnesting. The plans were generated by a relational database and were manually migrated to the Arquero API.,"Benchmark `arquero_tpch_01_q16` failed to run `before` callback: Unrecognized type: ""undefined"""
tpch,arquero,[],1750691713173,"[0.1, 17.0]",arquero_tpch_01_q17,0,0,0.0,0.0,0.0,0.0,0.0,0.0,0.0,0.0,Arquero does not implement join reordering and query unnesting. The plans were generated by a relational database and were manually migrated to the Arquero API.,"Benchmark `arquero_tpch_01_q17` failed to run `before` callback: Unrecognized type: ""undefined"""
tpch,arquero,[],1750691713173,"[0.1, 18.0]",arquero_tpch_01_q18,0,0,0.0,0.0,0.0,0.0,0.0,0.0,0.0,0.0,Arquero does not implement join reordering and query unnesting. The plans were generated by a relational database and were manually migrated to the Arquero API.,"Benchmark `arquero_tpch_01_q18` failed to run `before` callback: Unrecognized type: ""undefined"""
tpch,arquero,[],1750691713173,"[0.1, 19.0]",arquero_tpch_01_q19,0,0,0.0,0.0,0.0,0.0,0.0,0.0,0.0,0.0,Arquero does not implement join reordering and query unnesting. The plans were generated by a relational database and were manually migrated to the Arquero API.,"Benchmark `arquero_tpch_01_q19` failed to run `before` callback: Unrecognized type: ""undefined"""
tpch,arquero,[],1750691713173,"[0.1, 20.0]",arquero_tpch_01_q20,0,0,0.0,0.0,0.0,0.0,0.0,0.0,0.0,0.0,Arquero does not implement join reordering and query unnesting. The plans were generated by a relational database and were manually migrated to the Arquero API.,"Benchmark `arquero_tpch_01_q20` failed to run `before` callback: Unrecognized type: ""undefined"""
tpch,arquero,[],1750691713173,"[0.1, 22.0]",arquero_tpch_01_q22,0,0,0.0,0.0,0.0,0.0,0.0,0.0,0.0,0.0,Arquero does not implement join reordering and query unnesting. The plans were generated by a relational database and were manually migrated to the Arquero API.,"Benchmark `arquero_tpch_01_q22` failed to run `before` callback: Unrecognized type: ""undefined"""
tpch,lovefield,[],1750692063158,"[0.25, 1.0]",lovefield_tpch_025_q1,1,1,0.0,0.0,0.0,0.0,0.0,0.0,0.0,0.0,Lovefield does not support arithmetic operations and nested subqueries. Aggregates and order by clauses were often simplified. Some queries with nesting were dropped.,Benchmark `lovefield_tpch_025_q1` failed to run `fn`: a.getTime is not a function
tpch,lovefield,[],1750692063158,"[0.25, 3.0]",lovefield_tpch_025_q3,1,1,0.0,0.0,0.0,0.0,0.0,0.0,0.0,0.0,Lovefield does not support arithmetic operations and nested subqueries. Aggregates and order by clauses were often simplified. Some queries with nesting were dropped.,Benchmark `lovefield_tpch_025_q3` failed to run `fn`: a.getTime is not a function
tpch,lovefield,[],1750692063158,"[0.25, 4.0]",lovefield_tpch_025_q4,1,1,0.0,0.0,0.0,0.0,0.0,0.0,0.0,0.0,Lovefield does not support arithmetic operations and nested subqueries. Aggregates and order by clauses were often simplified. Some queries with nesting were dropped.,Benchmark `lovefield_tpch_025_q4` failed to run `fn`: a.getTime is not a function
tpch,lovefield,[],1750692063158,"[0.25, 5.0]",lovefield_tpch_025_q5,1,1,0.0,0.0,0.0,0.0,0.0,0.0,0.0,0.0,Lovefield does not support arithmetic operations and nested subqueries. Aggregates and order by clauses were often simplified. Some queries with nesting were dropped.,Benchmark `lovefield_tpch_025_q5` failed to run `fn`: a.getTime is not a function
tpch,lovefield,[],1750692063158,"[0.25, 6.0]",lovefield_tpch_025_q6,12,4,2.2340151342800465,447.6245414166672,444.92273900005966,10.878209979882362,468.8273440001067,432.9187839999795,5371.494497000007,5372.0292309995275,Lovefield does not support arithmetic operations and nested subqueries. Aggregates and order by clauses were often simplified. Some queries with nesting were dropped.,
tpch,lovefield,[],1750692063158,"[0.25, 7.0]",lovefield_tpch_025_q7,1,1,0.0,0.0,0.0,0.0,0.0,0.0,0.0,0.0,Lovefield does not support arithmetic operations and nested subqueries. Aggregates and order by clauses were often simplified. Some queries with nesting were dropped.,Benchmark `lovefield_tpch_025_q7` failed to run `fn`: a.getTime is not a function
tpch,lovefield,[],1750692063158,"[0.25, 8.0]",lovefield_tpch_025_q8,1,1,0.0,0.0,0.0,0.0,0.0,0.0,0.0,0.0,Lovefield does not support arithmetic operations and nested subqueries. Aggregates and order by clauses were often simplified. Some queries with nesting were dropped.,Benchmark `lovefield_tpch_025_q8` failed to run `fn`: a.getTime is not a function
tpch,lovefield,[],1750692063158,"[0.25, 10.0]",lovefield_tpch_025_q10,1,1,0.0,0.0,0.0,0.0,0.0,0.0,0.0,0.0,Lovefield does not support arithmetic operations and nested subqueries. Aggregates and order by clauses were often simplified. Some queries with nesting were dropped.,Benchmark `lovefield_tpch_025_q10` failed to run `fn`: a.getTime is not a function
tpch,lovefield,[],1750692063158,"[0.25, 12.0]",lovefield_tpch_025_q12,1,1,0.0,0.0,0.0,0.0,0.0,0.0,0.0,0.0,Lovefield does not support arithmetic operations and nested subqueries. Aggregates and order by clauses were often simplified. Some queries with nesting were dropped.,Benchmark `lovefield_tpch_025_q12` failed to run `fn`: a.getTime is not a function
tpch,lovefield,[],1750692063158,"[0.25, 13.0]",lovefield_tpch_025_q13,3,3,0.48576199806734277,2058.621308333318,2054.550022999989,12.967111681551383,2076.142022999935,2045.1718790000305,6175.863924999954,6175.919919999782,"",
tpch,lovefield,[],1750692063158,"[0.25, 14.0]",lovefield_tpch_025_q14,1,1,0.0,0.0,0.0,0.0,0.0,0.0,0.0,0.0,"",Benchmark `lovefield_tpch_025_q14` failed to run `fn`: a.getTime is not a function
tpch,lovefield,[],1750692063158,"[0.25, 16.0]",lovefield_tpch_025_q16,12,4,2.216348474784786,451.19258608333377,447.59032800002024,17.689400071758957,507.31723100016825,437.2298099999316,5414.311033000005,5414.530615000054,"",
tpch,lovefield,[],1750692063158,"[0.25, 19.0]",lovefield_tpch_025_q19,2,2,0.3290113283856402,3039.4090224999236,3384.728945999872,345.31992349994835,3384.728945999872,2694.0890989999752,6078.818044999847,6078.849985999754,Lovefield does not support arithmetic operations and nested subqueries. Aggregates and order by clauses were often simplified. Some queries with nesting were dropped.,
tpch,sqljs,[],1750691254106,"[0.01, 1.0]",sqljs_tpch_001_q1,59,5,11.061872736506526,90.4006061016945,88.53052100003697,9.221113625349826,160.00196900009178,87.87641899986193,5333.635759999976,5334.985563998343,,
tpch,sqljs,[],1750691254106,"[0.01, 2.0]",sqljs_tpch_001_q2,2049,5,410.4540243377879,2.436326459737762,2.4174450000282377,0.09891854133433141,3.802610999904573,2.3701160000637174,4992.032916002674,5005.262676992919,,
tpch,sqljs,[],1750691254106,"[0.01, 3.0]",sqljs_tpch_001_q3,245,5,48.85016374902591,20.470760448984993,20.389049000106752,0.33860171320474974,24.521730999927968,20.302456999896094,5015.336310001323,5016.878560002195,,
tpch,sqljs,[],1750691254106,"[0.01, 4.0]",sqljs_tpch_001_q4,1063,5,212.39298111364383,4.708253515519592,4.658289999933913,0.2464823453749837,7.429635000182316,4.612113999901339,5004.873486997327,5009.742109995801,,
tpch,sqljs,[],1750691254106,"[0.01, 5.0]",sqljs_tpch_001_q5,255,5,50.52678129409812,19.79148432549783,19.731730999890715,0.3329435197110016,23.739125000080094,19.635901999892667,5046.828503001947,5047.897898002295,,
tpch,sqljs,[],1750691254106,"[0.01, 6.0]",sqljs_tpch_001_q6,350,5,69.19183656736786,14.452572002859918,14.426763999974355,0.10226662756807418,15.389531999826431,14.376690000062808,5058.400201000972,5059.618726000655,,
tpch,sqljs,[],1750691254106,"[0.01, 7.0]",sqljs_tpch_001_q7,209,5,41.05774098000281,24.35594302392453,24.322541000088677,0.12479079195404061,24.828205999918282,24.17793200002052,5090.392092000227,5091.362392997602,,
tpch,sqljs,[],1750691254106,"[0.01, 8.0]",sqljs_tpch_001_q8,175,5,34.19274418635383,29.245970857147395,29.187185999937356,0.21418358585756428,30.927465999964625,29.01160899992101,5118.044900000794,5118.868259002455,,
tpch,sqljs,[],1750691254106,"[0.01, 9.0]",sqljs_tpch_001_q9,120,5,23.537720053750036,42.48499844999557,42.437129999976605,0.17712926082945418,43.115116000175476,42.17259700014256,5098.1998139994685,5098.809612997808,,
tpch,sqljs,[],1750691254106,"[0.01, 10.0]",sqljs_tpch_001_q10,360,5,71.67034677873183,13.952771891662593,13.887623999966308,0.26130880925883343,17.478238999843597,13.790984999854118,5022.997880998533,5024.91286900104,,
tpch,sqljs,[],1750691254106,"[0.01, 11.0]",sqljs_tpch_001_q11,797,5,159.2056631555301,6.281183597238541,6.249130000127479,0.2232037753811409,10.000325999921188,6.184580000117421,5006.103326999117,5009.209983003093,,
tpch,sqljs,[],1750691254106,"[0.01, 12.0]",sqljs_tpch_001_q12,400,5,79.36477344851616,12.60004856750078,12.569604000076652,0.11140832058264978,13.428558999905363,12.505003000143915,5040.019427000312,5041.83596500149,,
tpch,sqljs,[],1750691254106,"[0.01, 13.0]",sqljs_tpch_001_q13,125,5,24.88646278041237,40.182488319998605,40.135385000146925,0.22971993285697637,42.37725099991076,40.01164899999276,5022.811039999826,5023.55610600044,,
tpch,sqljs,[],1750691254106,"[0.01, 14.0]",sqljs_tpch_001_q14,387,5,77.04002729836004,12.980265390187459,12.959911999991164,0.2676718713830752,17.87718499987386,12.857911000028253,5023.3627060025465,5025.177149997558,,
tpch,sqljs,[],1750691254106,"[0.01, 15.0]",sqljs_tpch_001_q15,190,5,37.58214452708346,26.6083804578888,26.575508000096306,0.10731093770481079,27.022824000101537,26.47676400002092,5055.592286998872,5056.461704998743,,
tpch,sqljs,[],1750691254106,"[0.01, 16.0]",sqljs_tpch_001_q16,1179,5,235.7696113248032,4.241428716707559,4.226961999898776,0.07042888266608859,5.517862000036985,4.194661000045016,5000.644456998212,5005.165235002525,,
tpch,sqljs,[],1750691254106,"[0.01, 17.0]",sqljs_tpch_001_q17,225,5,44.32172224003164,22.56230014222674,22.544033999787644,0.09501211087596152,22.978115000063553,22.41870000003837,5076.517532001017,5077.402779999655,,
tpch,sqljs,[],1750691254106,"[0.01, 18.0]",sqljs_tpch_001_q18,305,5,60.77028886714876,16.45540968525132,16.41311400011182,0.1773109846945829,18.303888000082225,16.309205000055954,5018.899954001652,5020.212390000001,,
tpch,sqljs,[],1750691254106,"[0.01, 19.0]",sqljs_tpch_001_q19,340,5,67.17460426242697,14.886578208832619,14.865434000035748,0.07613000209111816,15.336994000012055,14.791666000150144,5061.43659100309,5062.809560999973,,
tpch,sqljs,[],1750691254106,"[0.01, 20.0]",sqljs_tpch_001_q20,15,5,2.973681708376421,336.2834688000226,336.16955099999905,0.8079963604401389,338.64031500020064,335.4547759999987,5044.252032000339,5044.437210000353,,
tpch,sqljs,[],1750691254106,"[0.01, 21.0]",sqljs_tpch_001_q21,60,5,11.813373590413166,84.6498243999939,84.55291400011629,0.45841017060267725,86.92688699997962,84.10689699999057,5078.989463999635,5079.429189999588,,
tpch,sqljs,[],1750691254106,"[0.01, 22.0]",sqljs_tpch_001_q22,55,5,10.685375715615715,93.58585290909237,93.48105499986559,0.6803961403841267,96.03252899996005,92.97494899993762,5147.22191000008,5147.520350999897,,
tpch,arquero,[],1750692400382,"[0.5, 1.0]",arquero_tpch_05_q1,0,0,0.0,0.0,0.0,0.0,0.0,0.0,0.0,0.0,Arquero does not implement join reordering and query unnesting. The plans were generated by a relational database and were manually migrated to the Arquero API.,"Benchmark `arquero_tpch_05_q1` failed to run `before` callback: Unrecognized type: ""undefined"""
tpch,arquero,[],1750692400382,"[0.5, 2.0]",arquero_tpch_05_q2,0,0,0.0,0.0,0.0,0.0,0.0,0.0,0.0,0.0,Arquero does not implement join reordering and query unnesting. The plans were generated by a relational database and were manually migrated to the Arquero API.,"Benchmark `arquero_tpch_05_q2` failed to run `before` callback: Unrecognized type: ""undefined"""
tpch,arquero,[],1750692400382,"[0.5, 3.0]",arquero_tpch_05_q3,0,0,0.0,0.0,0.0,0.0,0.0,0.0,0.0,0.0,Arquero does not implement join reordering and query unnesting. The plans were generated by a relational database and were manually migrated to the Arquero API.,"Benchmark `arquero_tpch_05_q3` failed to run `before` callback: Unrecognized type: ""undefined"""
tpch,arquero,[],1750692400382,"[0.5, 4.0]",arquero_tpch_05_q4,0,0,0.0,0.0,0.0,0.0,0.0,0.0,0.0,0.0,Arquero does not implement join reordering and query unnesting. The plans were generated by a relational database and were manually migrated to the Arquero API.,"Benchmark `arquero_tpch_05_q4` failed to run `before` callback: Unrecognized type: ""undefined"""
tpch,arquero,[],1750692400382,"[0.5, 5.0]",arquero_tpch_05_q5,0,0,0.0,0.0,0.0,0.0,0.0,0.0,0.0,0.0,Arquero does not implement join reordering and query unnesting. The plans were generated by a relational database and were manually migrated to the Arquero API.,"Benchmark `arquero_tpch_05_q5` failed to run `before` callback: Unrecognized type: ""undefined"""
tpch,arquero,[],1750692400382,"[0.5, 6.0]",arquero_tpch_05_q6,0,0,0.0,0.0,0.0,0.0,0.0,0.0,0.0,0.0,Arquero does not implement join reordering and query unnesting. The plans were generated by a relational database and were manually migrated to the Arquero API.,"Benchmark `arquero_tpch_05_q6` failed to run `before` callback: Unrecognized type: ""undefined"""
tpch,arquero,[],1750692400382,"[0.5, 7.0]",arquero_tpch_05_q7,0,0,0.0,0.0,0.0,0.0,0.0,0.0,0.0,0.0,Arquero does not implement join reordering and query unnesting. The plans were generated by a relational database and were manually migrated to the Arquero API.,"Benchmark `arquero_tpch_05_q7` failed to run `before` callback: Unrecognized type: ""undefined"""
tpch,arquero,[],1750692400382,"[0.5, 8.0]",arquero_tpch_05_q8,0,0,0.0,0.0,0.0,0.0,0.0,0.0,0.0,0.0,Arquero does not implement join reordering and query unnesting. The plans were generated by a relational database and were manually migrated to the Arquero API.,"Benchmark `arquero_tpch_05_q8` failed to run `before` callback: Unrecognized type: ""undefined"""
tpch,arquero,[],1750692400382,"[0.5, 10.0]",arquero_tpch_05_q10,0,0,0.0,0.0,0.0,0.0,0.0,0.0,0.0,0.0,Arquero does not implement join reordering and query unnesting. The plans were generated by a relational database and were manually migrated to the Arquero API.,"Benchmark `arquero_tpch_05_q10` failed to run `before` callback: Unrecognized type: ""undefined"""
tpch,arquero,[],1750692400382,"[0.5, 11.0]",arquero_tpch_05_q11,0,0,0.0,0.0,0.0,0.0,0.0,0.0,0.0,0.0,Arquero does not implement join reordering and query unnesting. The plans were generated by a relational database and were manually migrated to the Arquero API.,"Benchmark `arquero_tpch_05_q11` failed to run `before` callback: Unrecognized type: ""undefined"""
tpch,arquero,[],1750692400382,"[0.5, 12.0]",arquero_tpch_05_q12,0,0,0.0,0.0,0.0,0.0,0.0,0.0,0.0,0.0,Arquero does not implement join reordering and query unnesting. The plans were generated by a relational database and were manually migrated to the Arquero API.,"Benchmark `arquero_tpch_05_q12` failed to run `before` callback: Unrecognized type: ""undefined"""
tpch,arquero,[],1750692400382,"[0.5, 13.0]",arquero_tpch_05_q13,0,0,0.0,0.0,0.0,0.0,0.0,0.0,0.0,0.0,Arquero does not implement join reordering and query unnesting. The plans were generated by a relational database and were manually migrated to the Arquero API.,"Benchmark `arquero_tpch_05_q13` failed to run `before` callback: Unrecognized type: ""undefined"""
tpch,arquero,[],1750692400382,"[0.5, 14.0]",arquero_tpch_05_q14,0,0,0.0,0.0,0.0,0.0,0.0,0.0,0.0,0.0,Arquero does not implement join reordering and query unnesting. The plans were generated by a relational database and were manually migrated to the Arquero API.,"Benchmark `arquero_tpch_05_q14` failed to run `before` callback: Unrecognized type: ""undefined"""
tpch,arquero,[],1750692400382,"[0.5, 15.0]",arquero_tpch_05_q15,0,0,0.0,0.0,0.0,0.0,0.0,0.0,0.0,0.0,Arquero does not implement join reordering and query unnesting. The plans were generated by a relational database and were manually migrated to the Arquero API.,"Benchmark `arquero_tpch_05_q15` failed to run `before` callback: Unrecognized type: ""undefined"""
tpch,arquero,[],1750692400382,"[0.5, 16.0]",arquero_tpch_05_q16,0,0,0.0,0.0,0.0,0.0,0.0,0.0,0.0,0.0,Arquero does not implement join reordering and query unnesting. The plans were generated by a relational database and were manually migrated to the Arquero API.,"Benchmark `arquero_tpch_05_q16` failed to run `before` callback: Unrecognized type: ""undefined"""
tpch,arquero,[],1750692400382,"[0.5, 17.0]",arquero_tpch_05_q17,0,0,0.0,0.0,0.0,0.0,0.0,0.0,0.0,0.0,Arquero does not implement join reordering and query unnesting. The plans were generated by a relational database and were manually migrated to the Arquero API.,"Benchmark `arquero_tpch_05_q17` failed to run `before` callback: Unrecognized type: ""undefined"""
tpch,arquero,[],1750692400382,"[0.5, 18.0]",arquero_tpch_05_q18,0,0,0.0,0.0,0.0,0.0,0.0,0.0,0.0,0.0,Arquero does not implement join reordering and query unnesting. The plans were generated by a relational database and were manually migrated to the Arquero API.,"Benchmark `arquero_tpch_05_q18` failed to run `before` callback: Unrecognized type: ""undefined"""
tpch,arquero,[],1750692400382,"[0.5, 19.0]",arquero_tpch_05_q19,0,0,0.0,0.0,0.0,0.0,0.0,0.0,0.0,0.0,Arquero does not implement join reordering and query unnesting. The plans were generated by a relational database and were manually migrated to the Arquero API.,"Benchmark `arquero_tpch_05_q19` failed to run `before` callback: Unrecognized type: ""undefined"""
tpch,arquero,[],1750692400382,"[0.5, 20.0]",arquero_tpch_05_q20,0,0,0.0,0.0,0.0,0.0,0.0,0.0,0.0,0.0,Arquero does not implement join reordering and query unnesting. The plans were generated by a relational database and were manually migrated to the Arquero API.,"Benchmark `arquero_tpch_05_q20` failed to run `before` callback: Unrecognized type: ""undefined"""
tpch,arquero,[],1750692400382,"[0.5, 22.0]",arquero_tpch_05_q22,0,0,0.0,0.0,0.0,0.0,0.0,0.0,0.0,0.0,Arquero does not implement join reordering and query unnesting. The plans were generated by a relational database and were manually migrated to the Arquero API.,"Benchmark `arquero_tpch_05_q22` failed to run `before` callback: Unrecognized type: ""undefined"""
tpch,duckdb,[sync],1750692166037,"[0.5, 1.0]",duckdb_sync_tpch_05_q1,25,5,4.919414372637582,203.27622847998515,201.04061599983834,5.532676072856541,227.0449680001475,199.83069800003432,5081.905711999629,5082.597088999581,,
tpch,duckdb,[sync],1750692166037,"[0.5, 2.0]",duckdb_sync_tpch_05_q2,283,5,56.00462288516894,17.85566884452352,17.34301199996844,1.843233372505523,33.09969300008379,16.49383500008844,5053.154283000156,5055.6272209994495,,
tpch,duckdb,[sync],1750692166037,"[0.5, 3.0]",duckdb_sync_tpch_05_q3,114,5,22.303886123037714,44.83523608771921,44.26309399981983,3.137985656923086,72.84142199996859,43.33719400013797,5111.21691399999,5112.33565400145,,
tpch,duckdb,[sync],1750692166037,"[0.5, 4.0]",duckdb_sync_tpch_05_q4,80,5,15.144372196503198,66.03112938751583,65.77753600012511,1.1151581868857596,73.75811800011434,65.31568500003777,5282.490351001266,5283.233171000378,,
tpch,duckdb,[sync],1750692166037,"[0.5, 5.0]",duckdb_sync_tpch_05_q5,109,5,21.180352285906235,47.213567862391834,46.96561700012535,0.9367472576003598,52.937398000154644,46.40888699982315,5146.27889700071,5147.335726998979,,
tpch,duckdb,[sync],1750692166037,"[0.5, 6.0]",duckdb_sync_tpch_05_q6,224,5,44.470437106124706,22.486848906242813,22.222247999859974,0.7709958526103298,26.826270000077784,21.852417000103742,5037.05415499839,5038.92237400054,,
tpch,duckdb,[sync],1750692166037,"[0.5, 7.0]",duckdb_sync_tpch_05_q7,85,5,16.400160878477706,60.97501161176547,60.80479900003411,0.8183049055644191,63.47014299989678,59.864653000142425,5182.875987000065,5183.759533000644,,
tpch,duckdb,[sync],1750692166037,"[0.5, 8.0]",duckdb_sync_tpch_05_q8,75,5,14.787279282588115,67.62569238666445,67.30353500018828,1.1171274708642658,72.88930399995297,66.38811599998735,5071.926928999834,5072.703976001125,,
tpch,duckdb,[sync],1750692166037,"[0.5, 9.0]",duckdb_sync_tpch_05_q9,35,5,6.704088625039088,149.1627059142837,148.09683199995197,2.1766913955259013,154.09402099996805,146.1160520000849,5220.69470699993,5221.042766000144,,
tpch,duckdb,[sync],1750692166037,"[0.5, 10.0]",duckdb_sync_tpch_05_q10,45,5,8.529402526918103,117.24150628887324,117.09289400000125,0.7439972548895241,119.61942199990153,116.00797300017439,5275.867782999296,5276.348484999035,,
tpch,duckdb,[sync],1750692166037,"[0.5, 11.0]",duckdb_sync_tpch_05_q11,406,5,80.93976983377293,12.354865871915786,12.237635999917984,0.3638107286208735,16.245371999917552,12.005909000057727,5016.075543997809,5019.271179998992,,
tpch,duckdb,[sync],1750692166037,"[0.5, 12.0]",duckdb_sync_tpch_05_q12,50,5,9.793314623507724,102.11047417996917,101.94317399989814,0.7840790846118878,105.92836100002751,101.04482700000517,5105.5237089984585,5105.997937000124,,
tpch,duckdb,[sync],1750692166037,"[0.5, 13.0]",duckdb_sync_tpch_05_q13,35,5,6.95945202634841,143.68947385713858,143.34986099996604,0.7949437481159513,146.9206070001237,142.991801999975,5029.13158499985,5029.4488209998235,,
tpch,duckdb,[sync],1750692166038,"[0.5, 14.0]",duckdb_sync_tpch_05_q14,171,5,33.86159446453831,29.531982052624663,29.35708799981512,0.5178489466926827,32.449351999908686,28.780971000203863,5049.968930998817,5051.562826999696,,
tpch,duckdb,[sync],1750692166038,"[0.5, 15.0]",duckdb_sync_tpch_05_q15,115,5,22.40195939770864,44.638952434771575,44.576505000004545,0.543390295364321,47.76259800000116,43.94142200006172,5133.479529998731,5134.648728000699,,
tpch,duckdb,[sync],1750692166038,"[0.5, 16.0]",duckdb_sync_tpch_05_q16,159,5,30.962392966710766,32.297245276718456,32.058612999971956,0.8432494118681191,38.65157500002533,31.53550700005144,5135.261998998234,5136.5923779997975,,
tpch,duckdb,[sync],1750692166038,"[0.5, 17.0]",duckdb_sync_tpch_05_q17,90,5,17.71703615208557,56.4428492111128,56.41741600004025,0.3008716787555495,57.45276000001468,55.9594709998928,5079.856429000152,5080.484113998944,,
tpch,duckdb,[sync],1750692166038,"[0.5, 18.0]",duckdb_sync_tpch_05_q18,40,5,7.750646426389629,129.0214963999868,129.35073000006378,1.6536542255737796,131.9490110001061,124.67795500019565,5160.859855999472,5161.324626999209,,
tpch,duckdb,[sync],1750692166038,"[0.5, 19.0]",duckdb_sync_tpch_05_q19,35,5,6.330747814503386,157.95922208574734,157.8091279999353,1.1185645617030546,160.88113200012594,156.36383000016212,5528.572773001157,5528.905525000067,,
tpch,duckdb,[sync],1750692166038,"[0.5, 20.0]",duckdb_sync_tpch_05_q20,110,5,21.44925248165798,46.6216713545209,46.352911999914795,1.2351107729521102,50.90446999995038,44.68933500023559,5128.383848997299,5129.242402999662,,
tpch,duckdb,[sync],1750692166038,"[0.5, 21.0]",duckdb_sync_tpch_05_q21,30,5,5.912627004674656,169.12955936665335,169.00165400002152,0.8282683521002006,171.10275200009346,168.06294200010598,5073.886780999601,5074.196192997973,,
tpch,duckdb,[sync],1750692166038,"[0.5, 22.0]",duckdb_sync_tpch_05_q22,235,5,46.56650310924161,21.47466382979356,21.345658000092953,0.5247512558648146,26.838299000170082,21.077155999839306,5046.546000001486,5048.597548996098,,
tpch,duckdb,[sync],1750691142068,"[0.01, 1.0]",duckdb_sync_tpch_001_q1,910,5,181.78280612139824,5.501070323076539,5.193245999980718,1.0952798880814933,17.249706999980845,5.002980999997817,5005.973993999651,5013.60218900186,,
tpch,duckdb,[sync],1750691142069,"[0.01, 2.0]",duckdb_sync_tpch_001_q2,1171,5,233.9856368667115,4.273766601193747,4.025767000042833,0.8628229712722751,13.772565999999642,3.884393999935128,5004.580689997878,5011.503590999753,,
tpch,duckdb,[sync],1750691142069,"[0.01, 3.0]",duckdb_sync_tpch_001_q3,2061,5,412.42318552862923,2.424693943232692,2.3681220000144094,0.33947442375406217,8.909235000028275,2.3066170000238344,4997.294217002578,5007.305064999149,,
tpch,duckdb,[sync],1750691142069,"[0.01, 4.0]",duckdb_sync_tpch_001_q4,1810,5,362.09206335546145,2.7617285801106113,2.7202500000130385,0.28812356589532623,7.959095999947749,2.667522000032477,4998.728730000206,5006.297649999731,,
tpch,duckdb,[sync],1750691142069,"[0.01, 5.0]",duckdb_sync_tpch_001_q5,1128,5,225.17335656565638,4.441022753544194,4.386201999965124,0.41154326159923693,12.178977999952622,4.3148890000302345,5009.473665997852,5014.530966999824,,
tpch,duckdb,[sync],1750691142069,"[0.01, 6.0]",duckdb_sync_tpch_001_q6,6377,6,1067.0186426473686,0.9371907481568557,0.9248270000098273,0.16300033108055853,4.957077000057325,0.8927070000208914,5976.465400996269,6000.533211000962,,
tpch,duckdb,[sync],1750691142069,"[0.01, 7.0]",duckdb_sync_tpch_001_q7,1115,5,222.70506099790464,4.490243713003938,4.424864000058733,0.5817122911878024,13.71506300009787,4.31224400002975,5006.621739999391,5011.464333001291,,
tpch,duckdb,[sync],1750691142069,"[0.01, 8.0]",duckdb_sync_tpch_001_q8,935,5,186.66658126723138,5.3571453080206295,5.25987399998121,0.6326050051850991,15.715945000061765,5.131745000020601,5008.930862999288,5013.3222589991055,,
tpch,duckdb,[sync],1750691142069,"[0.01, 9.0]",duckdb_sync_tpch_001_q9,882,5,176.1054063328737,5.678417379815156,5.593055999954231,0.5177721863618695,13.306723999907263,5.472660999977961,5008.364128996967,5012.671638001455,,
tpch,duckdb,[sync],1750691142069,"[0.01, 10.0]",duckdb_sync_tpch_001_q10,1103,5,220.2888553412265,4.539494285587004,4.460992000065744,0.39119121050149114,9.751643999945372,4.402854000101797,5007.062197002466,5012.685236999649,,
tpch,duckdb,[sync],1750691142069,"[0.01, 11.0]",duckdb_sync_tpch_001_q11,2201,5,440.71132403153655,2.2690590086322393,2.2277410000097007,0.43834070596256186,10.352124999975786,2.176175000029616,4994.198877999559,5004.259457997745,,
tpch,duckdb,[sync],1750691142069,"[0.01, 12.0]",duckdb_sync_tpch_001_q12,1429,5,285.54835885272746,3.50203378516265,3.46563300001435,0.31072689160409417,8.923496999894269,3.4145080000162125,5004.406278997427,5011.120978999068,,
tpch,duckdb,[sync],1750691142069,"[0.01, 13.0]",duckdb_sync_tpch_001_q13,1532,5,306.31336790208246,3.2646306194500285,3.2423260000068694,0.22188661949501345,8.210934999980964,3.198242999962531,5001.414108997444,5008.2983929968905,,
tpch,duckdb,[sync],1750691142069,"[0.01, 14.0]",duckdb_sync_tpch_001_q14,3327,5,666.7932209610838,1.4997153068812668,1.4765380001626909,0.22359142890304454,6.273436999996193,1.4341179998591542,4989.552825993975,5002.939901001751,,
tpch,duckdb,[sync],1750691142069,"[0.01, 15.0]",duckdb_sync_tpch_001_q15,2092,5,418.48831099330255,2.3895530023919926,2.3635340000037104,0.29353116644479316,7.636579999933019,2.325762999942526,4998.9448810040485,5008.283726997906,,
tpch,duckdb,[sync],1750691142069,"[0.01, 16.0]",duckdb_sync_tpch_001_q16,2225,5,445.5153993907432,2.24459132359405,2.2078939999919385,0.30740940518944054,7.693879999918863,2.1489939999300987,4994.215694996761,5004.095467000268,,
tpch,duckdb,[sync],1750691142069,"[0.01, 17.0]",duckdb_sync_tpch_001_q17,3766,5,757.0057939417002,1.3209938523627915,1.3083239998668432,0.19910679073778767,6.948317999951541,1.276253999909386,4974.862847998273,5002.047707994003,,
tpch,duckdb,[sync],1750691142069,"[0.01, 18.0]",duckdb_sync_tpch_001_q18,1264,5,252.6090769482786,3.958685935124765,3.9114690001588315,0.3629837894328374,9.581148999975994,3.86678500007838,5003.779021997703,5009.598739008419,,
tpch,duckdb,[sync],1750691142069,"[0.01, 19.0]",duckdb_sync_tpch_001_q19,1007,5,201.31651166705174,4.967302441907272,4.923517999937758,0.4619543147104626,12.889272999949753,4.873482000082731,5002.0735590006225,5006.557707997737,,
tpch,duckdb,[sync],1750691142069,"[0.01, 20.0]",duckdb_sync_tpch_001_q20,1343,5,268.64196509868685,3.7224266120620637,3.678940000012517,0.4202262405190488,11.340980999870226,3.5987009999807924,4999.218939999351,5005.0793249993585,,
tpch,duckdb,[sync],1750691142069,"[0.01, 21.0]",duckdb_sync_tpch_001_q21,879,5,175.5239282777269,5.697228918086464,5.626527999993414,0.5201955067335008,14.31080300011672,5.556116999825463,5007.864218998002,5011.998783002375,,
tpch,duckdb,[sync],1750691142069,"[0.01, 22.0]",duckdb_sync_tpch_001_q22,2354,5,471.28154077417344,2.1218738980468057,2.0811159999575466,0.35131795124835846,10.011928000021726,2.03888800018467,4994.891156002181,5005.575087992707,,
tpch,sqljs,[],1750691528159,"[0.1, 1.0]",sqljs_tpch_01_q1,5,3,0.9963835867138203,1003.629539199965,935.4306010000873,136.13819987099055,1275.7103589999024,930.2008630000055,5018.147695999825,5018.951929000206,,
tpch,sqljs,[],1750691528159,"[0.1, 2.0]",sqljs_tpch_01_q2,175,5,34.59254659787346,28.90796134857195,28.826406999956816,0.5561600875537325,33.56619599997066,28.15637500002049,5058.893236000091,5061.766225000378,,
tpch,sqljs,[],1750691528159,"[0.1, 3.0]",sqljs_tpch_01_q3,25,5,4.691995201486478,213.12894771997816,212.8531110000331,1.0689690762379254,217.77250900003128,212.28479199996218,5328.223692999454,5328.705037000123,,
tpch,sqljs,[],1750691528159,"[0.1, 4.0]",sqljs_tpch_01_q4,105,5,20.774532046741633,48.13586162855805,47.97992599988356,0.5874369312800519,51.90463800006546,47.682857000036165,5054.2654709985945,5055.388846999733,,
tpch,sqljs,[],1750691528159,"[0.1, 5.0]",sqljs_tpch_01_q5,25,5,4.4441579625660275,225.014504080005,224.63235099986196,1.2766600240171955,229.01960200001486,223.59365199995227,5625.362602000125,5625.894696000265,,
tpch,sqljs,[],1750691528159,"[0.1, 6.0]",sqljs_tpch_01_q6,35,5,6.8831007510195,145.28335937141173,145.16478700004518,0.4747992654221783,146.55862100003287,144.4162500000093,5084.917577999411,5085.381366000976,,
tpch,sqljs,[],1750691528159,"[0.1, 7.0]",sqljs_tpch_01_q7,20,5,3.3958310363089117,294.4787267999491,294.31334199989215,0.9912761406006494,297.642583000008,293.40816099988297,5889.574535998981,5889.943284999812,,
tpch,sqljs,[],1750691528159,"[0.1, 8.0]",sqljs_tpch_01_q8,12,4,2.3574175930730097,424.19298258330673,423.95026000007056,0.8697997338566356,426.3696800000034,423.09814899996854,5090.315790999681,5090.534090000205,,
tpch,sqljs,[],1750691528159,"[0.1, 9.0]",sqljs_tpch_01_q9,8,4,1.3600456087759705,735.2694597499503,735.6749509999063,1.7402233575798995,738.0707680000924,732.6252249998506,5882.155677999603,5882.282114999602,,
tpch,sqljs,[],1750691528159,"[0.1, 10.0]",sqljs_tpch_01_q10,35,5,6.5244849258745985,153.26880380001052,151.60419400013052,2.365346289617119,158.19487199978903,150.80318799987435,5364.408133000368,5365.002394000767,,
tpch,sqljs,[],1750691528159,"[0.1, 11.0]",sqljs_tpch_01_q11,70,5,13.30677341154092,75.14969775713648,75.09033700008877,0.3034613793916031,76.25496399984695,74.7037770000752,5260.478842999553,5261.167098999955,,
tpch,sqljs,[],1750691528159,"[0.1, 12.0]",sqljs_tpch_01_q12,40,5,7.748499818952363,129.05723990004626,129.0077839998994,0.3102411620025775,130.12518000020646,128.53650100016966,5162.28959600185,5162.715718999505,,
tpch,sqljs,[],1750691528159,"[0.1, 13.0]",sqljs_tpch_01_q13,10,5,1.750331219771322,571.3204385000048,571.6921250000596,1.664532019681976,573.3593079999555,566.857730000047,5713.204385000048,5716.221689000027,,
tpch,sqljs,[],1750691528159,"[0.1, 14.0]",sqljs_tpch_01_q14,40,5,7.3465733260660135,136.11788185002516,135.75575600005686,1.951015053471255,148.08936699992046,135.16379100014456,5444.715274001006,5445.166974998545,,
tpch,sqljs,[],1750691528159,"[0.1, 15.0]",sqljs_tpch_01_q15,20,5,3.685760676072216,271.31441455001476,271.265032999916,0.6432805227286255,272.74717000010423,270.5523820000235,5426.288291000295,5426.594850999769,,
tpch,sqljs,[],1750691528159,"[0.1, 16.0]",sqljs_tpch_01_q16,100,5,19.957624530658368,50.10616360999411,49.98813099996187,0.3680475438255909,52.29922799998894,49.840195999946445,5010.616360999411,5011.295520000393,,
tpch,sqljs,[],1750691528159,"[0.1, 17.0]",sqljs_tpch_01_q17,1,1,0.03090593368208003,32356.24622400012,32356.24622400012,0.0,32356.24622400012,32356.24622400012,32356.24622400012,32356.267674000002,,
tpch,sqljs,[],1750691528159,"[0.1, 18.0]",sqljs_tpch_01_q18,35,5,6.267914474103858,159.54270022852745,159.390211999882,0.480370431649568,161.3661340000108,158.6730019999668,5583.994507998461,5584.392953000497,,
tpch,sqljs,[],1750691528159,"[0.1, 19.0]",sqljs_tpch_01_q19,35,5,6.400781245855213,156.23092894286052,156.04011699999683,0.5579077502001483,158.3657269999385,155.68593099992722,5468.082513000118,5468.458318000194,,
tpch,sqljs,[],1750691528159,"[0.1, 20.0]",sqljs_tpch_01_q20,1,1,0.024782190461816254,40351.55817000009,40351.55817000009,0.0,40351.55817000009,40351.55817000009,40351.55817000009,40351.57934900001,,
tpch,sqljs,[],1750691528159,"[0.1, 21.0]",sqljs_tpch_01_q21,6,3,1.0962012309593585,912.2412671666438,911.4652250001673,2.2856669420797493,917.2590159999672,910.6130159997847,5473.447602999862,5473.563258999959,,
tpch,sqljs,[],1750691528159,"[0.1, 22.0]",sqljs_tpch_01_q22,1,1,0.1043361191751847,9584.408620000118,9584.408620000118,0.0,9584.408620000118,9584.408620000118,9584.408620000118,9584.432314000092,,
csv_sum,arquero,[],1750691093541,"[1000.0, 10.0]",arquero_csv_sum_1000,19056,6,3212.5777652414727,0.311276511597482,0.2911539999768138,0.11247442443647543,10.90548200008925,0.2752440000185743,5931.685205001617,5995.5400310081895,,
csv_sum,arquero,[],1750691093541,"[10000.0, 100.0]",arquero_csv_sum_10000,2073,5,414.7750674310695,2.410945301494497,2.3345799999078736,0.6132730499949725,24.402273999992758,2.3049040000187233,4997.889609998092,5005.1879680015845,,
csv_sum,arquero,[],1750691093541,"[100000.0, 1000.0]",arquero_csv_sum_100000,192,5,37.95569851829997,26.346504979163,25.873445999925025,2.5284232191487495,46.15537699998822,25.245774999959394,5058.528955999296,5060.083742999937,,
csv_sum,arquero,[],1750691093541,"[1000000.0, 10000.0]",arquero_csv_sum_1000000,20,5,3.5613356812408385,280.79352509999296,272.62158099992666,14.467124464495965,312.8471689999569,267.7532569998875,5615.87050199986,5616.148405999993,,
csv_sum,duckdb,[sync],1750691093541,"[1000.0, 10.0]",duckdb_sync_csv_sum_1000,1066,5,213.134911752302,4.6918639080685445,4.275647999951616,1.7352003720008224,37.500587000045925,4.0727569999871776,5001.526926001068,5009.436245999299,,
csv_sum,duckdb,[sync],1750691093541,"[10000.0, 100.0]",duckdb_sync_csv_sum_10000,641,5,127.69579804489709,7.831111244932318,7.7555840000277385,0.38123224525344296,12.966917000012472,7.650938000064343,5019.742308001616,5023.555676999851,,
csv_sum,duckdb,[sync],1750691093541,"[100000.0, 1000.0]",duckdb_sync_csv_sum_100000,195,5,38.70711520425814,25.8350433692354,25.754089000052772,0.44665506320723625,30.426192000042647,25.509802000015043,5037.833457000903,5039.221823999658,,
csv_sum,duckdb,[sync],1750691093541,"[1000000.0, 10000.0]",duckdb_sync_csv_sum_1000000,35,5,6.068909072249092,164.7742597714366,164.66880900005344,0.5960918391223822,167.5548730000155,164.15340499999002,5767.0990920002805,5767.483072999981,,
tpch,duckdb,[sync],1750691416232,"[0.1, 1.0]",duckdb_sync_tpch_01_q1,120,5,23.5630009611773,42.43941600000835,41.64790300000459,2.7171096753821535,65.43237499985844,40.93078399985097,5092.729920001002,5094.576477999566,,
tpch,duckdb,[sync],1750691416232,"[0.1, 2.0]",duckdb_sync_tpch_01_q2,666,5,132.84087071044829,7.527803714714341,7.142451999941841,1.0759458151292645,15.535451999865472,6.874893000116572,5013.517273999751,5018.088231998729,,
tpch,duckdb,[sync],1750691416232,"[0.1, 3.0]",duckdb_sync_tpch_01_q3,530,5,105.66629921232109,9.463755307552177,9.377859000116587,0.45771383578252334,13.834383999928832,9.0382039998658,5015.790313002653,5019.223875999218,,
tpch,duckdb,[sync],1750691416232,"[0.1, 4.0]",duckdb_sync_tpch_01_q4,396,5,78.7127426515226,12.704423277781139,12.603342000162229,0.5595568652155699,19.136595000047237,12.430649999994785,5030.951618001331,5033.131274998188,,
tpch,duckdb,[sync],1750691416232,"[0.1, 5.0]",duckdb_sync_tpch_01_q5,529,5,105.21072068733304,9.504734816633531,9.405569999944419,0.48464823292750764,16.262180000077933,9.249417999992147,5028.004717999138,5030.883300998015,,
tpch,duckdb,[sync],1750691416232,"[0.1, 6.0]",duckdb_sync_tpch_01_q6,1041,5,208.00413806199774,4.8075966628218705,4.749722999986261,0.25580264099294,7.276633000001311,4.637723000021651,5004.708125997568,5009.55873199855,,
tpch,duckdb,[sync],1750691416232,"[0.1, 7.0]",duckdb_sync_tpch_01_q7,304,5,60.22452246771803,16.604531825653364,16.503238000208512,0.5403636700095843,22.87226500012912,16.222373000113294,5047.777674998622,5049.542637000792,,
tpch,duckdb,[sync],1750691416232,"[0.1, 8.0]",duckdb_sync_tpch_01_q8,370,5,73.40864324058595,13.622374094596031,13.456365999998525,0.6941923559926226,20.0864850000944,13.181791999842972,5040.278415000532,5042.049296003301,,
tpch,duckdb,[sync],1750691416233,"[0.1, 9.0]",duckdb_sync_tpch_01_q9,190,5,37.7510515887733,26.489328321052323,26.416934999870136,0.3051287065182769,27.79305600002408,26.02800799999386,5032.972380999941,5034.5000869992655,,
tpch,duckdb,[sync],1750691416233,"[0.1, 10.0]",duckdb_sync_tpch_01_q10,201,5,39.76297343759792,25.14902467164211,25.00817700009793,0.7943822568904371,33.95418699993752,24.567583000054583,5054.953959000064,5056.5148430021945,,
tpch,duckdb,[sync],1750691416233,"[0.1, 11.0]",duckdb_sync_tpch_01_q11,1121,5,223.9949424412424,4.464386512933508,4.410847999854013,0.40538392883707375,12.434262000024319,4.312654000008479,5004.577280998463,5016.086235000519,,
tpch,duckdb,[sync],1750691416233,"[0.1, 12.0]",duckdb_sync_tpch_01_q12,234,5,46.48024142871122,21.514518196592068,21.41721299989149,0.5199687061664162,27.828645000001416,21.17943900008686,5034.397258002544,5035.87820100016,,
tpch,duckdb,[sync],1750691416233,"[0.1, 13.0]",duckdb_sync_tpch_01_q13,179,5,35.05646011621162,28.525412910630894,28.445776999928057,0.39925759702788516,32.090755000011995,28.337874999968335,5106.04891100293,5107.093536999077,,
tpch,duckdb,[sync],1750691416233,"[0.1, 14.0]",duckdb_sync_tpch_01_q14,785,5,156.5837692438451,6.386357952864947,6.339821999892592,0.24083004188776436,9.54709400003776,6.265614000149071,5013.290992998984,5016.777123999316,,
tpch,duckdb,[sync],1750691416234,"[0.1, 15.0]",duckdb_sync_tpch_01_q15,565,5,112.41683110104444,8.895465120353398,8.854903999948874,0.23430467238291938,13.733338000020012,8.770234999945387,5025.93779299967,5028.589173997287,,
tpch,duckdb,[sync],1750691416234,"[0.1, 16.0]",duckdb_sync_tpch_01_q16,632,5,126.11947301117848,7.928989680375258,7.835357999894768,0.47147523028872007,13.740859000012279,7.7493460001423955,5011.121477997163,5014.215292996261,,
tpch,duckdb,[sync],1750691416234,"[0.1, 17.0]",duckdb_sync_tpch_01_q17,420,5,83.63886899270463,11.956163588094725,11.929364999989048,0.13559733813802444,13.436070000054315,11.838466000044718,5021.588706999784,5023.498280998552,,
tpch,duckdb,[sync],1750691416234,"[0.1, 18.0]",duckdb_sync_tpch_01_q18,220,5,43.31243648449309,23.088056945446244,23.03202100005001,0.19392001410423157,24.23091799998656,22.871020999969915,5079.372527998174,5080.5342719976325,,
tpch,duckdb,[sync],1750691416234,"[0.1, 19.0]",duckdb_sync_tpch_01_q19,155,5,30.29577401205282,33.007903993545824,32.906948999967426,0.45203057568276245,36.17531600012444,32.4647840000689,5116.225118999602,5117.150524000404,,
tpch,duckdb,[sync],1750691416234,"[0.1, 20.0]",duckdb_sync_tpch_01_q20,401,5,79.70837501931999,12.545733114714942,12.255995000014082,1.0747883179948192,19.735370999900624,11.262158999918029,5030.838979000691,5032.814744002419,,
tpch,duckdb,[sync],1750691416234,"[0.1, 21.0]",duckdb_sync_tpch_01_q21,130,5,25.218607826878497,39.653259484616754,39.5842629999388,0.43019255107949117,41.75292000011541,38.97675899998285,5154.923733000178,5155.857585999416,,
tpch,duckdb,[sync],1750691416234,"[0.1, 22.0]",duckdb_sync_tpch_01_q22,904,5,180.39883001990148,5.543273201326642,5.490639999974519,0.36990420964646864,11.80183900007978,5.436689000111073,5011.118973999284,5015.189301999053,,
integer_sum,lovefield,[],1750691025944,"[1000.0, 10.0]",lovefield_integer_sum_1000,15739,6,2641.7638631144655,0.37853496823181837,0.34623599995393306,0.1044879056287908,4.759306999971159,0.32352399989031255,5957.76186500059,5996.767789008212,,
integer_sum,lovefield,[],1750691025944,"[10000.0, 10.0]",lovefield_integer_sum_10000,1131,5,225.67736944220104,4.431104467726052,4.218888000003062,0.40095119682847263,10.268796000047587,4.0093570000026375,5011.579152998165,5016.662968999124,,
integer_sum,lovefield,[],1750691025944,"[100000.0, 10.0]",lovefield_integer_sum_100000,60,5,11.37348710236974,87.92378195000929,84.3358850000659,11.402504950359713,124.36431400000583,78.47036399994977,5275.426917000557,5276.351088999887,,
integer_sum,sqljs,[],1750691025944,"[1000.0, 10.0]",sqljs_integer_sum_1000,15577,6,2615.598090042115,0.38232173505827055,0.3714630000758916,0.08564801259388116,2.9206560000311583,0.35245800006669015,5955.425667002681,5998.474265991943,,
integer_sum,sqljs,[],1750691025944,"[10000.0, 10.0]",sqljs_integer_sum_10000,1115,5,222.63929028595211,4.4915701928245735,4.474518000031821,0.11551491478511051,6.200942000024952,4.422551000025123,5008.100764999399,5011.568574999226,,
integer_sum,sqljs,[],1750691025944,"[100000.0, 10.0]",sqljs_integer_sum_100000,100,5,19.60456478505059,51.0085284200008,50.7623410000233,0.9077263763217144,58.867586999898776,50.40678700001445,5100.85284200008,5101.4535180001985,,
integer_sum,arquero,[],1750691025944,"[1000.0, 10.0]",arquero_integer_sum_1000,37442,6,6367.850953862911,0.1570388514500913,0.14595300005748868,0.061358961017250184,8.476307999924757,0.13946099998429418,5879.848675994319,5992.751988995005,,
integer_sum,arquero,[],1750691025944,"[10000.0, 10.0]",arquero_integer_sum_10000,562,5,111.76756371015044,8.947139642350301,8.883768999949098,0.4481822282333577,17.681626999983564,8.805623000022024,5028.292479000869,5030.145955999149,,
integer_sum,arquero,[],1750691025944,"[100000.0, 10.0]",arquero_integer_sum_100000,5,5,0.8757098953870297,1141.9306841999758,1130.4635590000544,30.210656268574457,1199.485464999918,1111.2247669999488,5709.653420999879,5709.787872000015,,
integer_sum,duckdb,[sync],1750691025944,"[1000.0, 10.0]",duckdb_sync_integer_sum_1000,12935,6,2180.8808086647223,0.4585303314270831,0.4057879999745637,0.2378561016328935,11.076377000077628,0.3748599999817088,5931.08983700932,5997.395278998185,,
integer_sum,duckdb,[sync],1750691025944,"[10000.0, 10.0]",duckdb_sync_integer_sum_10000,5496,5,1104.5934186100092,0.9053104818045842,0.8850929999025539,0.11669942215531716,4.217908999999054,0.8466740000294521,4975.586407997995,5000.718280002475,,
integer_sum,duckdb,[sync],1750691025944,"[100000.0, 10.0]",duckdb_sync_integer_sum_100000,55,5,10.279162443049103,97.28419076363683,96.860990999965,2.232823860515773,107.80437000002712,95.14447099994868,5350.630492000026,5351.306610000436,,
integer_join3,lovefield,[],1750690863894,"[10.0, 100.0, 1000.0, 10.0, 10.0, 10.0]",lovefield_integer_join3_10_100_1000_10_10_10,12762,6,2142.6187522367522,0.46671858862248183,0.4161569999996573,0.16099405928559402,7.181480000028387,0.37984900001902133,5956.262628000113,5997.093295005034,,
integer_join3,lovefield,[],1750690863894,"[100.0, 1000.0, 10000.0, 10.0, 10.0, 100.0]",lovefield_integer_join3_100_1000_10000_100_10_10,1044,5,208.67321854110523,4.7921817998078,4.602566000074148,0.6459332283739126,10.315687000053003,3.9671500000404194,5003.037798999343,5008.071153000346,,
integer_join3,lovefield,[],1750690863894,"[1000.0, 10000.0, 100000.0, 10.0, 10.0, 100.0]",lovefield_integer_join3_1000_10000_100000_100_10_10,131,5,25.696968308203832,38.91509644274834,37.480263000004925,7.798853761931387,79.38761199999135,31.866459000040777,5097.877634000033,5099.697044000146,,
integer_join3,lovefield,[],1750690863894,"[10000.0, 100000.0, 1000000.0, 10.0, 10.0, 100.0]",lovefield_integer_join3_10000_100000_1000000_100_10_10,15,5,2.5796234502186515,387.6534770666777,367.60010699997656,52.93050456172971,542.8387179999845,352.3386940000346,5814.802156000165,5815.0289739997825,,
integer_join3,sqljs,[],1750690863894,"[10.0, 100.0, 1000.0, 10.0, 10.0, 10.0]",sqljs_integer_join3_10_100_1000_10_10_10,3918,5,786.2293582232979,1.2718934869842253,1.2161719999276102,0.32342921201147395,8.02547799993772,1.1819479999830946,4983.278682004195,5000.3865599932615,,
integer_join3,sqljs,[],1750690863894,"[100.0, 1000.0, 10000.0, 10.0, 10.0, 100.0]",sqljs_integer_join3_100_1000_10000_100_10_10,335,5,66.78622645219498,14.973147205970555,14.723456000094302,0.5350427098552782,16.84430599992629,14.652593000093475,5016.004314000136,5017.522565998719,,
integer_join3,sqljs,[],1750690863894,"[1000.0, 10000.0, 100000.0, 10.0, 10.0, 100.0]",sqljs_integer_join3_1000_10000_100000_100_10_10,40,5,7.309187459969175,136.8141131249926,136.50135100004263,0.786718886467406,139.19799999997485,136.0726240000222,5472.564524999703,5472.898913999554,,
integer_join3,sqljs,[],1750690863894,"[10000.0, 100000.0, 1000000.0, 10.0, 10.0, 100.0]",sqljs_integer_join3_10000_100000_1000000_100_10_10,3,3,0.41105175777363656,2432.783660666629,2429.608695999952,10.111081473990732,2446.445522999973,2422.296762999962,7298.350981999887,7298.422256999882,,
integer_join3,arquero,[],1750690863894,"[10.0, 100.0, 1000.0, 10.0, 10.0, 10.0]",arquero_integer_join3_10_100_1000_10_10_10,12907,6,2170.2933104162807,0.4607672129847699,0.43548400001600385,0.16038101480258432,12.763689999934286,0.40667900000698864,5947.122417994426,5997.272923007258,,
integer_join3,arquero,[],1750690863894,"[100.0, 1000.0, 10000.0, 10.0, 10.0, 100.0]",arquero_integer_join3_100_1000_10000_100_10_10,1217,5,243.34785021511883,4.109343884139526,4.016718000057153,0.2961351689760809,9.225008000037633,3.9084749999456108,5001.071506997803,5006.383332002559,,
integer_join3,arquero,[],1750690863894,"[1000.0, 10000.0, 100000.0, 10.0, 10.0, 100.0]",arquero_integer_join3_1000_10000_100000_100_10_10,304,5,60.22505652330725,16.604384582237753,16.478072999976575,0.5322037502846426,22.55347799998708,16.208981000003405,5047.732913000276,5049.4442730006995,,
integer_join3,arquero,[],1750690863894,"[10000.0, 100000.0, 1000000.0, 10.0, 10.0, 100.0]",arquero_integer_join3_10000_100000_1000000_100_10_10,35,5,6.568170132145163,152.2494058285607,151.84334499994293,1.338413696377832,157.4875250000041,151.38985899998806,5328.729203999625,5329.151212999946,,
integer_join3,duckdb,[sync],1750690863894,"[10.0, 100.0, 1000.0, 10.0, 10.0, 10.0]",duckdb_sync_integer_join3_10_100_1000_10_10_10,4500,5,906.1164677425284,1.1036108884450255,0.9482910000951961,0.5795277568223326,9.986550000030547,0.855096000013873,4966.248998002615,5000.506531000952,,
integer_join3,duckdb,[sync],1750690863894,"[100.0, 1000.0, 10000.0, 10.0, 10.0, 100.0]",duckdb_sync_integer_join3_100_1000_10000_100_10_10,322,5,64.03335586440504,15.616860720490232,15.7886990000261,1.9714809643081599,19.975621000048704,1.6973489999072626,5028.629151997855,5030.364118000609,,
integer_join3,duckdb,[sync],1750690863894,"[1000.0, 10000.0, 100000.0, 10.0, 10.0, 100.0]",duckdb_sync_integer_join3_1000_10000_100000_100_10_10,269,5,53.43600996299645,18.713972107806764,18.464353000046685,1.3642238730725187,34.44060200010426,18.25253800000064,5034.05849700002,5035.722247999976,,
integer_join3,duckdb,[sync],1750690863894,"[10000.0, 100000.0, 1000000.0, 10.0, 10.0, 100.0]",duckdb_sync_integer_join3_10000_100000_1000000_100_10_10,467,5,92.83091574089923,10.772273353320184,10.657602000050247,1.1729930045885062,35.532717000111006,10.505038000061177,5030.651656000526,5033.185733001563,,
tpch,sqljs,[],1750692280130,"[0.5, 1.0]",sqljs_tpch_05_q1,1,1,0.15027374245117595,6654.5224979999475,6654.5224979999475,0.0,6654.5224979999475,6654.5224979999475,6654.5224979999475,6654.662198999897,,
tpch,sqljs,[],1750692280130,"[0.5, 2.0]",sqljs_tpch_05_q2,35,5,6.679670103875634,149.7079922285064,149.2188160000369,2.178053347742896,158.6736159999855,147.9451470002532,5239.779727997724,5240.521465001162,,
tpch,sqljs,[],1750692280130,"[0.5, 3.0]",sqljs_tpch_05_q3,5,5,0.9385153856027962,1065.5126333999447,1065.5557809998281,1.7353060104009015,1067.8139430000447,1063.38363200007,5327.563166999724,5327.687449999619,,
tpch,sqljs,[],1750692280130,"[0.5, 4.0]",sqljs_tpch_05_q4,25,5,4.160773417239567,240.33993195991962,240.13276599999517,0.7762635956169298,243.04030099976808,239.34378399979323,6008.498298997991,6008.826123998966,,
tpch,sqljs,[],1750692280130,"[0.5, 5.0]",sqljs_tpch_05_q5,5,5,0.8464450997346589,1181.4115296000614,1178.771572000347,3.585856828792535,1187.0003490000963,1178.2822070000693,5907.057648000307,5907.189724000171,,
tpch,sqljs,[],1750692280130,"[0.5, 6.0]",sqljs_tpch_05_q6,8,4,1.3792378497083158,725.038107249944,724.8354619997554,1.2776937760635363,727.3193999999203,723.5551330000162,5800.304857999552,5800.451868000906,,
tpch,sqljs,[],1750692280130,"[0.5, 7.0]",sqljs_tpch_05_q7,4,4,0.6160638842956915,1623.2082832501037,1624.948743000161,4.109081214694647,1627.8655630000867,1616.6662710001692,6492.833133000415,6493.0499279992655,,
tpch,sqljs,[],1750692280130,"[0.5, 8.0]",sqljs_tpch_05_q8,2,2,0.39204101516318896,2550.7535215001553,2557.0601780000143,6.306656499858946,2557.0601780000143,2544.4468650002964,5101.507043000311,5101.870912999846,,
tpch,sqljs,[],1750692280130,"[0.5, 9.0]",sqljs_tpch_05_q9,2,2,0.2043613370729075,4893.293488499941,4900.45307599986,7.159587499918416,4900.45307599986,4886.133901000023,9786.586976999883,9786.949223000556,,
tpch,sqljs,[],1750692280130,"[0.5, 10.0]",sqljs_tpch_05_q10,8,4,1.294511754099694,772.492020124977,772.6478419997729,2.6122926171643663,777.8330629998818,767.6770139997825,6179.936160999816,6183.449703999795,,
tpch,sqljs,[],1750692280130,"[0.5, 11.0]",sqljs_tpch_05_q11,15,5,2.5934774862142147,385.58268013335766,385.39505399996415,0.9203039249554582,387.8208039999008,384.425935999956,5783.740202000365,5784.004497999791,,
tpch,sqljs,[],1750692280130,"[0.5, 12.0]",sqljs_tpch_05_q12,8,4,1.5751944812487897,634.8422445000033,633.814544999972,3.4565775165817034,643.0023779999465,631.4993619997986,5078.737956000026,5078.859252999537,,
tpch,sqljs,[],1750692280130,"[0.5, 13.0]",sqljs_tpch_05_q13,2,2,0.2711252998457584,3688.3315594999585,3689.6936770002358,1.362117500277236,3689.6936770002358,3686.9694419996813,7376.663118999917,7376.7141030002385,,
tpch,sqljs,[],1750692280130,"[0.5, 14.0]",sqljs_tpch_05_q14,8,4,1.4599102621704905,684.9736082499148,685.5605799998157,1.29526212064845,687.2682280000299,683.209799000062,5479.788865999319,5479.952920999844,,
tpch,sqljs,[],1750692280130,"[0.5, 15.0]",sqljs_tpch_05_q15,4,4,0.723920352416551,1381.3674345000181,1382.0422070003115,4.823729844690754,1388.9882219997235,1376.961196999997,5525.4697380000725,5525.546741000377,,
tpch,sqljs,[],1750692280130,"[0.5, 16.0]",sqljs_tpch_05_q16,20,5,3.6465647181719216,274.2307012999663,274.17607200006023,2.7588175377279907,280.47519499994814,271.06042200000957,5484.614025999326,5484.970445000101,,
tpch,sqljs,[],1750692280130,"[0.5, 18.0]",sqljs_tpch_05_q18,8,4,1.264170052888882,791.0328185000108,790.4852900002152,2.550176682871479,797.3997029997408,788.2798750000075,6328.262548000086,6328.408541999757,,
tpch,sqljs,[],1750692280130,"[0.5, 19.0]",sqljs_tpch_05_q19,8,4,1.263206332915553,791.6363098750007,788.8297609998845,6.313119727379361,804.1660730000585,785.6901569999754,6333.090479000006,6333.255548999645,,
tpch,sqljs,[],1750692280130,"[0.5, 21.0]",sqljs_tpch_05_q21,2,2,0.21226451986814304,4711.102922999999,4734.690360000357,23.587437000358477,4734.690360000357,4687.51548599964,9422.205845999997,9422.250498000067,,
tpch,lovefield,[],1750692476606,"[0.5, 1.0]",lovefield_tpch_05_q1,1,1,0.0,0.0,0.0,0.0,0.0,0.0,0.0,0.0,Lovefield does not support arithmetic operations and nested subqueries. Aggregates and order by clauses were often simplified. Some queries with nesting were dropped.,Benchmark `lovefield_tpch_05_q1` failed to run `fn`: a.getTime is not a function
tpch,lovefield,[],1750692476606,"[0.5, 3.0]",lovefield_tpch_05_q3,1,1,0.0,0.0,0.0,0.0,0.0,0.0,0.0,0.0,Lovefield does not support arithmetic operations and nested subqueries. Aggregates and order by clauses were often simplified. Some queries with nesting were dropped.,Benchmark `lovefield_tpch_05_q3` failed to run `fn`: a.getTime is not a function
tpch,lovefield,[],1750692476606,"[0.5, 4.0]",lovefield_tpch_05_q4,1,1,0.0,0.0,0.0,0.0,0.0,0.0,0.0,0.0,Lovefield does not support arithmetic operations and nested subqueries. Aggregates and order by clauses were often simplified. Some queries with nesting were dropped.,Benchmark `lovefield_tpch_05_q4` failed to run `fn`: a.getTime is not a function
tpch,lovefield,[],1750692476606,"[0.5, 5.0]",lovefield_tpch_05_q5,1,1,0.0,0.0,0.0,0.0,0.0,0.0,0.0,0.0,Lovefield does not support arithmetic operations and nested subqueries. Aggregates and order by clauses were often simplified. Some queries with nesting were dropped.,Benchmark `lovefield_tpch_05_q5` failed to run `fn`: a.getTime is not a function
tpch,lovefield,[],1750692476606,"[0.5, 6.0]",lovefield_tpch_05_q6,5,3,0.8532954410812797,1171.9270394001155,936.0007509998977,483.8310721928389,2139.462141999975,917.2240190003067,5859.635197000578,5859.893637999892,Lovefield does not support arithmetic operations and nested subqueries. Aggregates and order by clauses were often simplified. Some queries with nesting were dropped.,
tpch,lovefield,[],1750692476606,"[0.5, 7.0]",lovefield_tpch_05_q7,1,1,0.0,0.0,0.0,0.0,0.0,0.0,0.0,0.0,Lovefield does not support arithmetic operations and nested subqueries. Aggregates and order by clauses were often simplified. Some queries with nesting were dropped.,Benchmark `lovefield_tpch_05_q7` failed to run `fn`: a.getTime is not a function
tpch,lovefield,[],1750692476606,"[0.5, 8.0]",lovefield_tpch_05_q8,1,1,0.0,0.0,0.0,0.0,0.0,0.0,0.0,0.0,Lovefield does not support arithmetic operations and nested subqueries. Aggregates and order by clauses were often simplified. Some queries with nesting were dropped.,Benchmark `lovefield_tpch_05_q8` failed to run `fn`: a.getTime is not a function
tpch,lovefield,[],1750692476606,"[0.5, 10.0]",lovefield_tpch_05_q10,1,1,0.0,0.0,0.0,0.0,0.0,0.0,0.0,0.0,Lovefield does not support arithmetic operations and nested subqueries. Aggregates and order by clauses were often simplified. Some queries with nesting were dropped.,Benchmark `lovefield_tpch_05_q10` failed to run `fn`: a.getTime is not a function
tpch,lovefield,[],1750692476606,"[0.5, 12.0]",lovefield_tpch_05_q12,1,1,0.0,0.0,0.0,0.0,0.0,0.0,0.0,0.0,Lovefield does not support arithmetic operations and nested subqueries. Aggregates and order by clauses were often simplified. Some queries with nesting were dropped.,Benchmark `lovefield_tpch_05_q12` failed to run `fn`: a.getTime is not a function
tpch,lovefield,[],1750692476606,"[0.5, 13.0]",lovefield_tpch_05_q13,2,2,0.1803614049312968,5544.423433499644,6532.377008999698,987.9535755000543,6532.377008999698,4556.469857999589,11088.846866999287,11088.901058000047,"",
tpch,lovefield,[],1750692476606,"[0.5, 14.0]",lovefield_tpch_05_q14,1,1,0.0,0.0,0.0,0.0,0.0,0.0,0.0,0.0,"",Benchmark `lovefield_tpch_05_q14` failed to run `fn`: a.getTime is not a function
tpch,lovefield,[],1750692476606,"[0.5, 16.0]",lovefield_tpch_05_q16,7,4,1.0346406827595536,966.519117857263,963.4198810001835,29.392066002934083,1021.8794360002503,928.4940530001186,6765.633825000841,6765.785737000406,"",
tpch,lovefield,[],1750692476606,"[0.5, 19.0]",lovefield_tpch_05_q19,1,1,0.13360447722466404,7484.779108999763,7484.779108999763,0.0,7484.779108999763,7484.779108999763,7484.779108999763,7484.797032999806,Lovefield does not support arithmetic operations and nested subqueries. Aggregates and order by clauses were often simplified. Some queries with nesting were dropped.,
tpch,duckdb,[sync],1750691800988,"[0.25, 1.0]",duckdb_sync_tpch_025_q1,50,5,9.71694537349573,102.91300008000806,101.70160300005227,3.91556988854443,127.39985100016929,100.55727499979548,5145.650004000403,5146.874790000264,,
tpch,duckdb,[sync],1750691800988,"[0.25, 2.0]",duckdb_sync_tpch_025_q2,396,5,78.60873732315791,12.721232194444658,12.216256000101566,1.9960785343244611,39.7809300001245,11.615224999841303,5037.607949000085,5040.764125001384,,
tpch,duckdb,[sync],1750691800988,"[0.25, 3.0]",duckdb_sync_tpch_025_q3,219,5,43.14986174081855,23.175045287666084,22.93893299996853,0.8514572041454294,30.840691999997944,22.566357999807224,5075.334917998873,5076.867407998536,,
tpch,duckdb,[sync],1750691800988,"[0.25, 4.0]",duckdb_sync_tpch_025_q4,150,5,29.54951300542271,33.84150526665151,33.686778999865055,0.92764836921627,42.17701400001533,33.352153999963775,5076.225789997727,5077.537597998744,,
tpch,duckdb,[sync],1750691800988,"[0.25, 5.0]",duckdb_sync_tpch_025_q5,203,5,40.058278939065495,24.963628655168794,24.88550899992697,0.534380461813414,30.354544000001624,24.40789799997583,5067.616616999265,5069.1271309996955,,
tpch,duckdb,[sync],1750691800988,"[0.25, 6.0]",duckdb_sync_tpch_025_q6,431,5,85.69870290072423,11.668788046400515,11.557114999974146,0.5141804336136742,16.81278400006704,11.296157999895513,5029.247647998622,5031.8986180019565,,
tpch,duckdb,[sync],1750691800988,"[0.25, 7.0]",duckdb_sync_tpch_025_q7,154,5,30.343531758959646,32.95595278571112,32.81677999999374,0.6987879201859641,38.204612999921665,32.26732400013134,5075.216728999512,5076.345347000286,,
tpch,duckdb,[sync],1750691800988,"[0.25, 8.0]",duckdb_sync_tpch_025_q8,145,5,28.10179230441254,35.58491889654241,35.48979200003669,0.6246206037140148,41.70757900015451,34.81541799986735,5159.81323999865,5160.794936998282,,
tpch,duckdb,[sync],1750691800988,"[0.25, 9.0]",duckdb_sync_tpch_025_q9,75,5,14.250328586357307,70.17382047999651,69.96910899993964,1.7561215460637842,75.51924300007522,67.67884099995717,5263.036535999738,5263.845756000839,,
tpch,duckdb,[sync],1750691800988,"[0.25, 10.0]",duckdb_sync_tpch_025_q10,85,5,16.933690401484686,59.05387285882607,58.959328999975696,0.4105915672496496,60.52354099997319,58.44397699995898,5019.579193000216,5020.404281998752,,
tpch,duckdb,[sync],1750691800988,"[0.25, 11.0]",duckdb_sync_tpch_025_q11,671,5,133.75772891907934,7.476203491799561,7.375674000009894,0.48453721313734616,15.143041000002995,7.265057999873534,5016.5325429975055,5020.430853002472,,
tpch,duckdb,[sync],1750691800988,"[0.25, 12.0]",duckdb_sync_tpch_025_q12,99,5,19.099885889945863,52.35633373738624,52.163697000127286,1.0563658595968415,60.97188299987465,51.6850629998371,5183.277040001238,5184.17845700169,,
tpch,duckdb,[sync],1750691800988,"[0.25, 13.0]",duckdb_sync_tpch_025_q13,75,5,14.680271493832276,68.11863121333532,67.99664100003429,0.7206642539381953,73.13725000014529,67.24448299990036,5108.897341000149,5109.5268690001685,,
tpch,duckdb,[sync],1750691800988,"[0.25, 14.0]",duckdb_sync_tpch_025_q14,340,5,67.6804735403719,14.775310332358897,14.675571999978274,0.3687293317425608,18.385012000100687,14.466739000054076,5023.605513002025,5028.090557999676,,
tpch,duckdb,[sync],1750691800988,"[0.25, 15.0]",duckdb_sync_tpch_025_q15,249,5,49.2703923652179,20.29616473494827,20.19747700006701,0.4934450439699382,25.70736899995245,19.792871000012383,5053.745019002119,5055.306283000391,,
tpch,duckdb,[sync],1750691800988,"[0.25, 16.0]",duckdb_sync_tpch_025_q16,282,5,55.8092967893691,17.918161624112887,17.747579999966547,0.707011231951203,23.681765999877825,17.51803099992685,5052.921577999834,5054.527268999955,,
tpch,duckdb,[sync],1750691800988,"[0.25, 17.0]",duckdb_sync_tpch_025_q17,179,5,35.0959784830493,28.4932930558691,28.391540999989957,0.3183068013827905,30.584387000184506,28.203469999833032,5100.2994570005685,5101.143979001092,,
tpch,duckdb,[sync],1750691800988,"[0.25, 18.0]",duckdb_sync_tpch_025_q18,85,5,16.223046629519263,61.64070305884542,61.523459000047296,0.5701079728651398,63.85572400013916,60.856523000169545,5239.459760001861,5240.160250999732,,
tpch,duckdb,[sync],1750691800988,"[0.25, 19.0]",duckdb_sync_tpch_025_q19,65,5,12.465102987726542,80.2239661384768,80.20788899995387,0.5662716919624325,82.46802699984983,79.22794999997132,5214.5577990009915,5215.069290997926,,
tpch,duckdb,[sync],1750691800988,"[0.25, 20.0]",duckdb_sync_tpch_025_q20,206,5,40.743303495259354,24.5439106359246,23.62341000000015,2.2352537365936076,32.321945999981835,22.178529999917373,5056.0455910004675,5057.156017003814,,
tpch,duckdb,[sync],1750691800988,"[0.25, 21.0]",duckdb_sync_tpch_025_q21,60,5,11.04737067102119,90.51927646667464,90.4896670000162,0.4254272852564702,91.78401399985887,89.6762030001264,5431.156588000478,5431.6729029999115,,
tpch,duckdb,[sync],1750691800988,"[0.25, 22.0]",duckdb_sync_tpch_025_q22,444,5,88.50776739026466,11.298443396392736,11.227955000009388,0.42682149827483457,17.410152999917045,11.054569999920204,5016.508867998375,5018.668904996943,,
integer_join2,lovefield,[],1750690771215,"[1000.0, 10000.0, 10.0, 100.0]",lovefield_integer_join2_1000_10000_100_10,2824,5,566.0186831667821,1.7667261342066716,1.6949960000347346,0.4269948840511105,15.270515999989584,1.4325660000322387,4989.234602999641,5003.950540002552,,
integer_join2,lovefield,[],1750690771215,"[10000.0, 100000.0, 10.0, 100.0]",lovefield_integer_join2_10000_100000_100_10,196,5,38.76381656563808,25.797253433668427,24.35649099992588,5.278877337424999,61.96218899998348,19.702833999996074,5056.261672999011,5058.639695999795,,
integer_join2,lovefield,[],1750690771215,"[100000.0, 100000.0, 10.0, 100.0]",lovefield_integer_join2_100000_100000_100_10,103,5,19.95926585130807,50.10204320388181,48.95608399994671,8.621834182282104,85.68364300008398,39.12547700002324,5160.510449999827,5161.922602000297,,
integer_join2,lovefield,[],1750690771215,"[100000.0, 1000000.0, 10.0, 100.0]",lovefield_integer_join2_100000_1000000_100_10,15,4,2.9080023250331473,343.8786796666682,328.9824479999952,49.6698857346152,489.8542450000532,308.6985519999871,5158.180195000023,5158.429360000067,,
integer_join2,sqljs,[],1750690771215,"[1000.0, 10000.0, 10.0, 100.0]",sqljs_integer_join2_1000_10000_10_100,513,5,101.9347886758311,9.810193487330018,9.641287000034936,1.0709732936958916,30.62732899992261,9.58819699997548,5032.6292590002995,5035.277635000297,,
integer_join2,sqljs,[],1750690771215,"[10000.0, 100000.0, 10.0, 100.0]",sqljs_integer_join2_10000_100000_10_100,45,5,8.139981273984029,122.85040546666521,122.53934999997728,0.8181429206216267,126.3264419999905,122.1440710000461,5528.268245999934,5528.853255000082,,
integer_join2,sqljs,[],1750690771215,"[100000.0, 100000.0, 10.0, 100.0]",sqljs_integer_join2_100000_100000_10_100,40,5,7.7749552029626985,128.61810440000264,128.4335190000711,0.6360258358753966,131.74935099994764,128.08913499990012,5144.724176000105,5145.181228999863,,
integer_join2,sqljs,[],1750690771215,"[100000.0, 1000000.0, 10.0, 100.0]",sqljs_integer_join2_100000_1000000_10_100,3,3,0.43309091647220355,2308.9840076666246,2287.8560779999243,32.36929455435083,2354.717060999945,2284.378884000005,6926.952022999874,6927.05116799986,,
integer_join2,arquero,[],1750690771216,"[1000.0, 10000.0, 10.0, 100.0]",arquero_integer_join2_1000_10000_100_10,3600,5,721.6816848904431,1.38565245722123,1.3332480000099167,0.3262610741612014,15.310884999926202,1.2865509999683127,4988.348845996428,5003.541797001031,,
integer_join2,arquero,[],1750690771216,"[10000.0, 100000.0, 10.0, 100.0]",arquero_integer_join2_10000_100000_100_10,415,5,82.57503567127262,12.110197614457638,11.791633000015281,0.9206169033627756,18.596558000077493,11.723074000095949,5025.73200999992,5027.809704999672,,
integer_join2,arquero,[],1750690771216,"[100000.0, 100000.0, 10.0, 100.0]",arquero_integer_join2_100000_100000_100_10,253,5,50.200422528114004,19.920151059285704,19.568852000054903,1.0396374705480538,25.28812099993229,19.492109999991953,5039.798217999283,5045.130792000215,,
integer_join2,arquero,[],1750690771216,"[100000.0, 1000000.0, 10.0, 100.0]",arquero_integer_join2_100000_1000000_100_10,39,5,7.026947961833827,142.30929351283106,142.15037499996834,1.600250778533737,147.7854970000917,139.20324199995957,5550.062447000411,5550.611514999997,,
integer_join2,duckdb,[sync],1750690771216,"[1000.0, 10000.0, 10.0, 100.0]",duckdb_sync_integer_join2_1000_10000_10_100,6365,6,1068.1680185201888,0.9361823071480582,0.8089209999889135,0.5488861949254458,10.555761000025086,0.7499400000087917,5958.80038499739,5999.328044001479,,
integer_join2,duckdb,[sync],1750690771216,"[10000.0, 100000.0, 10.0, 100.0]",duckdb_sync_integer_join2_10000_100000_10_100,4710,5,946.9700193054219,1.0559996405519514,1.026757000014186,0.20781494702918527,4.195303000044078,0.9978330000303686,4973.758306999691,5001.2084390003,,
integer_join2,duckdb,[sync],1750690771216,"[100000.0, 100000.0, 10.0, 100.0]",duckdb_sync_integer_join2_100000_100000_10_100,3826,5,767.8118708625233,1.3024023695760887,1.281061999965459,0.19721126527503274,4.417909000068903,1.253349999897182,4982.991465998115,5003.133731006994,,
integer_join2,duckdb,[sync],1750690771216,"[100000.0, 1000000.0, 10.0, 100.0]",duckdb_sync_integer_join2_100000_1000000_10_100,1228,5,245.513493369614,4.073095886809474,4.041887000086717,0.2845800315866971,11.013032999937423,3.994940000004135,5001.761749002035,5007.520212000934,,
tpch,arquero,[],1750691366220,"[0.01, 1.0]",arquero_tpch_001_q1,0,0,0.0,0.0,0.0,0.0,0.0,0.0,0.0,0.0,Arquero does not implement join reordering and query unnesting. The plans were generated by a relational database and were manually migrated to the Arquero API.,"Benchmark `arquero_tpch_001_q1` failed to run `before` callback: Unrecognized type: ""undefined"""
tpch,arquero,[],1750691366220,"[0.01, 2.0]",arquero_tpch_001_q2,0,0,0.0,0.0,0.0,0.0,0.0,0.0,0.0,0.0,Arquero does not implement join reordering and query unnesting. The plans were generated by a relational database and were manually migrated to the Arquero API.,"Benchmark `arquero_tpch_001_q2` failed to run `before` callback: Unrecognized type: ""undefined"""
tpch,arquero,[],1750691366220,"[0.01, 3.0]",arquero_tpch_001_q3,0,0,0.0,0.0,0.0,0.0,0.0,0.0,0.0,0.0,Arquero does not implement join reordering and query unnesting. The plans were generated by a relational database and were manually migrated to the Arquero API.,"Benchmark `arquero_tpch_001_q3` failed to run `before` callback: Unrecognized type: ""undefined"""
tpch,arquero,[],1750691366220,"[0.01, 4.0]",arquero_tpch_001_q4,0,0,0.0,0.0,0.0,0.0,0.0,0.0,0.0,0.0,Arquero does not implement join reordering and query unnesting. The plans were generated by a relational database and were manually migrated to the Arquero API.,"Benchmark `arquero_tpch_001_q4` failed to run `before` callback: Unrecognized type: ""undefined"""
tpch,arquero,[],1750691366220,"[0.01, 5.0]",arquero_tpch_001_q5,0,0,0.0,0.0,0.0,0.0,0.0,0.0,0.0,0.0,Arquero does not implement join reordering and query unnesting. The plans were generated by a relational database and were manually migrated to the Arquero API.,"Benchmark `arquero_tpch_001_q5` failed to run `before` callback: Unrecognized type: ""undefined"""
tpch,arquero,[],1750691366220,"[0.01, 6.0]",arquero_tpch_001_q6,0,0,0.0,0.0,0.0,0.0,0.0,0.0,0.0,0.0,Arquero does not implement join reordering and query unnesting. The plans were generated by a relational database and were manually migrated to the Arquero API.,"Benchmark `arquero_tpch_001_q6` failed to run `before` callback: Unrecognized type: ""undefined"""
tpch,arquero,[],1750691366220,"[0.01, 7.0]",arquero_tpch_001_q7,0,0,0.0,0.0,0.0,0.0,0.0,0.0,0.0,0.0,Arquero does not implement join reordering and query unnesting. The plans were generated by a relational database and were manually migrated to the Arquero API.,"Benchmark `arquero_tpch_001_q7` failed to run `before` callback: Unrecognized type: ""undefined"""
tpch,arquero,[],1750691366220,"[0.01, 8.0]",arquero_tpch_001_q8,0,0,0.0,0.0,0.0,0.0,0.0,0.0,0.0,0.0,Arquero does not implement join reordering and query unnesting. The plans were generated by a relational database and were manually migrated to the Arquero API.,"Benchmark `arquero_tpch_001_q8` failed to run `before` callback: Unrecognized type: ""undefined"""
tpch,arquero,[],1750691366220,"[0.01, 9.0]",arquero_tpch_001_q9,0,0,0.0,0.0,0.0,0.0,0.0,0.0,0.0,0.0,Arquero does not implement join reordering and query unnesting. The plans were generated by a relational database and were manually migrated to the Arquero API.,"Benchmark `arquero_tpch_001_q9` failed to run `before` callback: Unrecognized type: ""undefined"""
tpch,arquero,[],1750691366220,"[0.01, 10.0]",arquero_tpch_001_q10,0,0,0.0,0.0,0.0,0.0,0.0,0.0,0.0,0.0,Arquero does not implement join reordering and query unnesting. The plans were generated by a relational database and were manually migrated to the Arquero API.,"Benchmark `arquero_tpch_001_q10` failed to run `before` callback: Unrecognized type: ""undefined"""
tpch,arquero,[],1750691366220,"[0.01, 11.0]",arquero_tpch_001_q11,0,0,0.0,0.0,0.0,0.0,0.0,0.0,0.0,0.0,Arquero does not implement join reordering and query unnesting. The plans were generated by a relational database and were manually migrated to the Arquero API.,"Benchmark `arquero_tpch_001_q11` failed to run `before` callback: Unrecognized type: ""undefined"""
tpch,arquero,[],1750691366220,"[0.01, 12.0]",arquero_tpch_001_q12,0,0,0.0,0.0,0.0,0.0,0.0,0.0,0.0,0.0,Arquero does not implement join reordering and query unnesting. The plans were generated by a relational database and were manually migrated to the Arquero API.,"Benchmark `arquero_tpch_001_q12` failed to run `before` callback: Unrecognized type: ""undefined"""
tpch,arquero,[],1750691366220,"[0.01, 13.0]",arquero_tpch_001_q13,0,0,0.0,0.0,0.0,0.0,0.0,0.0,0.0,0.0,Arquero does not implement join reordering and query unnesting. The plans were generated by a relational database and were manually migrated to the Arquero API.,"Benchmark `arquero_tpch_001_q13` failed to run `before` callback: Unrecognized type: ""undefined"""
tpch,arquero,[],1750691366221,"[0.01, 14.0]",arquero_tpch_001_q14,0,0,0.0,0.0,0.0,0.0,0.0,0.0,0.0,0.0,Arquero does not implement join reordering and query unnesting. The plans were generated by a relational database and were manually migrated to the Arquero API.,"Benchmark `arquero_tpch_001_q14` failed to run `before` callback: Unrecognized type: ""undefined"""
tpch,arquero,[],1750691366221,"[0.01, 15.0]",arquero_tpch_001_q15,0,0,0.0,0.0,0.0,0.0,0.0,0.0,0.0,0.0,Arquero does not implement join reordering and query unnesting. The plans were generated by a relational database and were manually migrated to the Arquero API.,"Benchmark `arquero_tpch_001_q15` failed to run `before` callback: Unrecognized type: ""undefined"""
tpch,arquero,[],1750691366221,"[0.01, 16.0]",arquero_tpch_001_q16,0,0,0.0,0.0,0.0,0.0,0.0,0.0,0.0,0.0,Arquero does not implement join reordering and query unnesting. The plans were generated by a relational database and were manually migrated to the Arquero API.,"Benchmark `arquero_tpch_001_q16` failed to run `before` callback: Unrecognized type: ""undefined"""
tpch,arquero,[],1750691366221,"[0.01, 17.0]",arquero_tpch_001_q17,0,0,0.0,0.0,0.0,0.0,0.0,0.0,0.0,0.0,Arquero does not implement join reordering and query unnesting. The plans were generated by a relational database and were manually migrated to the Arquero API.,"Benchmark `arquero_tpch_001_q17` failed to run `before` callback: Unrecognized type: ""undefined"""
tpch,arquero,[],1750691366221,"[0.01, 18.0]",arquero_tpch_001_q18,0,0,0.0,0.0,0.0,0.0,0.0,0.0,0.0,0.0,Arquero does not implement join reordering and query unnesting. The plans were generated by a relational database and were manually migrated to the Arquero API.,"Benchmark `arquero_tpch_001_q18` failed to run `before` callback: Unrecognized type: ""undefined"""
tpch,arquero,[],1750691366221,"[0.01, 19.0]",arquero_tpch_001_q19,0,0,0.0,0.0,0.0,0.0,0.0,0.0,0.0,0.0,Arquero does not implement join reordering and query unnesting. The plans were generated by a relational database and were manually migrated to the Arquero API.,"Benchmark `arquero_tpch_001_q19` failed to run `before` callback: Unrecognized type: ""undefined"""
tpch,arquero,[],1750691366221,"[0.01, 20.0]",arquero_tpch_001_q20,0,0,0.0,0.0,0.0,0.0,0.0,0.0,0.0,0.0,Arquero does not implement join reordering and query unnesting. The plans were generated by a relational database and were manually migrated to the Arquero API.,"Benchmark `arquero_tpch_001_q20` failed to run `before` callback: Unrecognized type: ""undefined"""
tpch,arquero,[],1750691366221,"[0.01, 21.0]",arquero_tpch_001_q21,0,0,0.0,0.0,0.0,0.0,0.0,0.0,0.0,0.0,Arquero does not implement join reordering and query unnesting. The plans were generated by a relational database and were manually migrated to the Arquero API.,"Benchmark `arquero_tpch_001_q21` failed to run `before` callback: Unrecognized type: ""undefined"""
tpch,arquero,[],1750691366221,"[0.01, 22.0]",arquero_tpch_001_q22,0,0,0.0,0.0,0.0,0.0,0.0,0.0,0.0,0.0,Arquero does not implement join reordering and query unnesting. The plans were generated by a relational database and were manually migrated to the Arquero API.,"Benchmark `arquero_tpch_001_q22` failed to run `before` callback: Unrecognized type: ""undefined"""
